,Unnamed: 0.1,Unnamed: 0,user,profile,,
0,0,0,ManjaSchuele,"Ministerin f√ºr Wissenschaft, Forschung und Kultur denn #ZukunftwirdinBrandenburggemacht, hier privat",,
1,1,1,TeamPetraPau,"hier twittert das Team von Petra Pau/Marzahn-Hellersdorf #mahe
PAUer f√ºr die LINKE",,
2,2,2,TeamDieSchmidt,"Hier tweetet, textet und publiziert das Team der SPD Bundestagsabgeordneten Dagmar Schmidt @dieschmidt (Lahn-Dill-Kreis, Wettenberg, Biebertal).",,
3,3,3,BerndBuchholz,,,
4,4,4,ingrid_remmers,,,
5,5,5,reinhardbrandl,"Mitglied im Verteidigungsausschuss üá∫üá¶ 
Mitglied im Ausschuss f√ºr Digitales 
Sprecher f√ºr Digitales 
@cducsubt",,
6,6,6,PeterbeyerCDU,,,
7,7,7,schwarz_spd,SPD Bundestagskandidat f√ºr Bamberg und Forchheim Andreas Schwarz.,,
8,8,8,UweFe,,,
9,9,9,HiltrudLotze,Sozialdemokratin | Lueneburg | Mitglied des Deutschen Bundestages,,
10,10,10,BerndSiebert,,,
11,11,11,WHellmich,,,
12,12,12,AfDimBundestag,AfD-Fraktion im Deutschen Bundestag https://t.co/Ykqu1braRO,,
13,13,13,spdbt,"Hier twittert der Newsdesk der SPD-Bundestagsfraktion. Impressum, aktuelle Podcast-Folgen und spannende Links: https://t.co/e4l15mSRwd",,
14,14,14,cducsupm,"Alle Pressemitteilungen der @cducsubt auf einen Blick!
Hier wird automatisiert getwittert ‚Ä¢ Impressum: https://t.co/KGbVUwXufa",,
15,15,15,spdbt_netz,Hier twittert die Arbeitsgruppe Digitales der SPD-Bundestagsfraktion. Impressum: https://t.co/si4fLgkKg8,,
16,16,16,cducsubt,Die Unionsfraktion im Deutschen Bundestag ‚Ä¢ Fraktionschef: @_FriedrichMerz  ‚Ä¢ Sprecher: @warrings ‚Ä¢ Impressum: https://t.co/mrapTIrRLC,,
17,17,17,Linksfraktion,Die soziale Opposition: Feministisch. Sozialistisch. Friedlich. F√ºr dich! üïäü¶∫üå≥‚úä,,
18,18,18,prof_schmidtke,,,
19,19,19,charlotte_mdb,,,
20,20,20,GZickenheiner,Mitglied des Bundestages a.D. @gruenebundestag üåª in der 19. Wahlperiode. Wahlkreis L√∂rrach/M√ºllheim #S√ºdbaden,,
21,21,21,juergen_martens,üíº Bundestagsabgeordneter 17-21 | ‚öñÔ∏è Rechtspolitischer Sprecher 17-21 | S√§chs. Justizminister a.D.,,
22,22,22,thorsten_frei,MdB ‚Ä¢Erster Parlamentarischer Gesch√§ftsf√ºhrer @cducsubt ‚Ä¢Stv. Landesvorsitzender @cdu_bw ‚Ä¢Oberb√ºrgermeister a.D. ‚Ä¢Jurist ‚Ä¢Familienvater,,
23,23,23,hohmannmdb,,,
24,24,24,MPatzeltCDU,"@CDU MdB a.D. f√ºr Frankfurt(Oder)- Oder-Spree. Themen: #Familien, #Menschenrechte & #Ehrenamt",,
25,25,25,DagmarFreitag13,MdB 1994-2021 ‚Ä¢ SPD ‚Ä¢ Transatlantikerin  ‚Ä¢ Vors. Sport-Ausschuss 2009-2021 ‚Ä¢ Sauerland ‚Ä¢ Leichtathletik ‚Ä¢ Anti-Doping ‚Ä¢ True Athletes ‚Ä¢,,
26,26,26,ElisabethMotsc1,Mitglied des Deutschen Bundestages von 2013-2021 |Staatsr√§tin a.D. | Bremen,,
27,27,27,MichaelHennric2,Bundestagsabgeordneter aus dem Wahlkreis N√ºrtingen,,
28,28,28,StegemannAlbert,Agrarpolitischer Sprecher der CDU/CSU-Bundestagsfraktion,,
29,29,29,gitta_connemann,Bundesvorsitzende @MIT_bund,,
30,30,30,ruetzelbernd,MdB | Main-Spessart/Miltenberg | Vorsitzender des Ausschusses Arbeit und Soziales | SPD-Bezirksvorsitzender Unterfranken,,
31,31,31,SusanneFerschl,"MdB DIE LINKE l Stellvertretende Fraktionsvorsitzende I verantwortlich f√ºr Arbeit, Soziales und Gesundheit I Gewerkschafterin I @linksfraktion I twittert selbst",,
32,32,32,MaagKarin,Unparteiisches Mitglied beim GBA ehem.Gesundheitspolitische Sprecherin der CDU/CSU Fraktion,,
33,33,33,eckhardgnodtke,,,
34,34,34,HoffmannForest,MdB | FDP-Fraktion | Stv. Vorsitzender des Ausschusses f√ºr wirtschaftliche Zusammenarbeit und Entwicklung | S√ºdbaden | F√∂rster | B√ºrgermeister a.D.,,
35,35,35,dheidenblut,,,
36,36,36,AntjeTillmann,"CDU Bundestagsabgeordnete f√ºr Erfurt, Weimar und das Grammetal - Finanzpolitische Sprecherin der CDU/CSU- Bundestagsfraktion",,
37,37,37,BerndWestphal4,"politisch, pragmatisch, SPD",,
38,38,38,ClaudiaMollMdB,MdB f√ºr die Menschen in der St√§dteregion Aachen. Mit Leidenschaft in Berlin. Altenpflegefachkraft und Sozi mit Herz.,,
39,39,39,nicole_ae_bauer,Mitglied des Bundestages f√ºr Niederbayern | FDP | Sprecherin f√ºr Frauenpolitik und Diversity | Mittelstand & Innovation | Ingenieurin üöÄ,,
40,40,40,_ThomasRachel,"direkt gew√§hlt f√ºr den Kreis D√ºrenüçÄ, NRW | Parl. Staatssekret√§r a.D. | Religionspolitischer Sprecher @cducsubt | Entwicklungspolitiküåæ| Ausw√§rtiges ü§ùüåé",,
41,41,41,wiebkeesdar1,Bundestagsabgeordnete. Sozialdemokratin. Bielefelderin.,,
42,42,42,n_roettgen,Mitglied des Deutschen Bundestages | Ausw√§rtiger Ausschuss üåè | Optimismus üöÄ Europa üá™üá∫ und Espresso ‚òïÔ∏è,,
43,43,43,jessica_tatti,"Mitglied des Bundestages | Sprecherin f√ºr Arbeitsmarkt- und Sozialpolitik @linksfraktion üö© Wahlkreis Reutlingen, Baden-W√ºrttemberg",,
44,44,44,DaniLudwigMdB,"Bundestagsabgeordnete der @CSU    Ausschussvorsitzende, Wahlkreis Rosenheim / Bayern, Vorsitzende @brkrosenheim",,
45,45,45,MarjaVoellers,"Bundestagsabgeordnete @spdbt f√ºr #Schaumburg & #Nienburg, #Niedersachsen | #Verteidigung, #Bundeswehr, #Bildung, #Digitalisierung | Kaffee, Lehrerin, @seeheimer",,
46,46,46,DrRobbySchlund,"ist ein deutscher Politiker (AfD) und seit 2017 Mitglied des Deutschen Bundestages.

is a German politician (AfD) and member of the German Bundestag since 2017.",,
47,47,47,mseesternpauly,Mitglied des Bundestages | Familienpolitischer Sprecher @fdpbt | Osnabr√ºcker Land | https://t.co/fS4hk7f7An,,
48,48,48,WolfgangWiehle,"Mitglied des deutschen Bundestages (AfD), Mitglied des Haushaltsausschusses und des Verkehrsausschusses",,
49,49,49,RenataAlt_MdB,MdB | Vorsitzende des Ausschusses f√ºr Menschenrechte und humanit√§re Hilfe | Mitglied @fdpbt-Fraktionsvorstand,,
50,50,50,BrittaDassler,Bundestagsabgeordnete aus Herzogenaurach f√ºr die @FDP | Sportpolitische Sprecherin der @fdpbt,,
51,51,51,HerbrandMarkus,"MdB | Finanzpolitischer Sprecher und Obmann im #Finanzausschuss | #FDP | #Eifel | Begeisterung f√ºr #Politik, (Rock-)Musik, @fckoeln & ausgiebige Wanderungen",,
52,52,52,MdBKlein,Landesgruppenchef der @fdplgby Bundestagsabgeordneten #MdB | Obmann im Haushaltsausschuss f√ºr die @fdpbt | Stadtrat in Aschaffenburg,,
53,53,53,NicoleWestig,#MdB | Pflegepolitische Sprecherin @fdpbt,,
54,54,54,ulrichlechte,MdB aus Regensburg | Au√üenpolitischer Sprecher @fdpbt | Obmann im Ausw√§rtigen Ausschuss | Stellv. Landesvorsitzender @fdpbay,,
55,55,55,ManuelaRottman,"MdB, Gr√ºne, Freilandei, Juristin.
Meinung hier: rein privat",,
56,56,56,theliberalfrank,F√ºr die @fdpsachsen Mitglied des Deutschen Bundestages | @fdpbt | Ausw√§rtiger Ausschuss | Freiheit ist alles au√üer selbstverst√§ndlich | Stadtrat in Chemnitz,,
57,57,57,aggelidis_g,"Mitglied des Bundestages 2017 -2021 f√ºr die FDP | Berater f√ºr Finanzplanung und Entwicklung, nachhaltige Geldanlagen und Stiftungen",,
58,58,58,_MartinNeumann,Mitglied des Vorstandes @FDP_Brandenburg | Mitglied des Deutschen Bundestag @fdpbt 2009-2013 / 2017-2021 | Energiepolitik/Bildungspolitik/Forschungspolitik,,
59,59,59,bhoffmann_mdb,"Parl. Staatssekret√§rin @BMUV, MdB @gruenebundestag, Diplom-Biologin (Dr. rer. nat.), Team-Tweets: T",,
60,60,60,GeroHocker,Sprecher f√ºr Landwirtschaft und Ern√§hrung bei @fdpbt,,
61,61,61,HJ_Mueller_AfD,,,
62,62,62,JoernKoenigAfD,MdB und sportpolitischer Sprecher der @AfD Bundestagsfraktion. Weiterer Schwerpunkt: Digitale Finanzwirtschaft / Kreisvorsitzender Hannover Stadt.,,
63,63,63,KatjaKeul,"Gr√ºne Bundestagsabgeordnete aus Niedersachsen ‚Äì Anw√§ltin f√ºr Frieden, Recht und Freiheit ‚Äì Staatsministerin im Ausw√§rtigen Amt | twittert hier ganz privat",,
64,64,64,FrStraetmanns,"Ostwestfale seit Geburt! Zur Zeit aktiv in MV, L√§ufer, Fu√üballer und Camper .Dies ist mein privater Account!",,
65,65,65,k_willkomm,"Rechtsanw√§ltin, Aachen, Mitglied Deutscher Bundestag 2017 - 2021, FDP, immer liberal",,
66,66,66,KirstenKappert,"Bundestagsabgeordnete f√ºr Bremen von @die_gruenen, amtierende Vorsitzende des Gesundheitsausschuss #Feminismus #Cannabis #decolonize #Bremen",,
67,67,67,TillMansmann,"S√ºdhessisches MdB | Entwicklungspolitischer Sprecher @fdpbt | Innovationsbeauftragter ""Gr√ºner Wasserstoff"" @BMBF_Bund | Mitglied im Finanzausschuss",,
68,68,68,Erhard_Grundl,im #Bundestag f√ºr @GrueneBundestag / #Niederbayern/ Sprecher f√ºr #Kulturpolitik und #Medienpolitik/ Ausw√§rtige Kultur- & Bildungspolitik/ IG: erhard.grundl,,
69,69,69,JudithSkudelny,Generalsekret√§rin der FDP BaW√º | Mitglied des Deutschen Bundestags | Sprecherin f√ºr Umwelt und Verbraucherschutz | Rechtsanw√§ltin | Wahlkreis Stuttgart 1,,
70,70,70,Jacobi_AfD,"Nein.
Nicht F. Jacobi,
ein anderer!",,
71,71,71,margit_stumpp,,,
72,72,72,MdB_Schreiber,,,
73,73,73,estherdilcher,,,
74,74,74,KatjaMast,"Im Deutschen Bundestag f√ºr Pforzheim/Enzkreis, 1. Parlamentarische Gesch√§ftsf√ºhrerin der SPD-Bundestagsfraktion (@spdbt).",,
75,75,75,MBiadaczMdB,"üèõ im Bundestag f√ºr den Landkreis B√∂blingen | üñ§ CDUler | ü¶æ Digitales, Arbeit & Soziales | üá™üá∫ √ºberzeugter Europ√§er",,
76,76,76,busen_mdb,Abgeordneter des Deutschen Bundestages aus dem M√ºnsterland. Mitglied der @fdp & @fdpbt,,
77,77,77,G_UllrichFDP,"Bundestagsabgeordneter, Wirtschaftsausschuss | MdB @fdpbt üü° Bundesvorstand @fdp | stv. Landesvorsitzender @fdp_thueringen üÜï https://t.co/dLbBFjNIXZ",,
78,78,78,Amira_M_Ali,"Mitglied des Bundestages | Vorsitzende der @Linksfraktion
https://t.co/R8w0c33WAh",,
79,79,79,MieruchMario,"Dipl.-Ing.(BA) Mechatronik | industrial automation | k√§mpft f√ºr das freie Mandat | Bundesvorsitzender BFA e.V. | DIG Berlin/BBG |
Glaubw√ºrdigkeit & Integrit√§t",,
80,80,80,Schmidt_MdB,"Oberpf√§lzer ‚Ä¢ tourismuspolit. Sprecher @GrueneBundestag | #Verbraucherschutz | nachhaltiger #Tourismus | #Altersvorsorge | #Kommunalfinanzen 
‚Ä¢Team twittert mit",,
81,81,81,reuther_bernd,"Liberaler MdB | Verkehrspolitischer Sprecher | Mitglied im Sportausschuss | Kreisvorsitzender FDP Wesel |
20. Wahlperiode: Mehr Fortschritt wagen!",,
82,82,82,axel_knoerig,Vorsitzender der Arbeitnehmergruppe der @cducsubt, Direkt gew√§hlter MdB f√ºr den Wahlkreis Diepholz/Nienburg I, Stv. Vorsitzender der @CDA_Bund
83,83,83,christophploss,üá™üá∫ Leidenschaftlicher Europ√§er | üá©üá™ Bundestagsabgeordneter @cducsubt |üìçWahlkreis Hamburg-Nord/Alstertal,,
84,84,84,mdb_freihold,,,
85,85,85,reinholdmdb,Bundestagsabgeordneter f√ºr @FDP_MV | Vorsitzender Landesgruppe Ost @fdpbt | Beauftragter f√ºr maritime Wirtschaft | Mitglied im Bauausschuss,,
86,86,86,ChrWirthMdB,"Dr. Christian Wirth, f√ºr das #Saarland und die #AfD im Bundestag",,
87,87,87,Martin_Sichert,"Hier twittert Martin Sichert, Gesundheitspolitischer Sprecher der AfD im Deutschen Bundestag",,
88,88,88,JuergenBraunAfD,"@AfDimBundestag-Abgeordneter | Sprecher f√ºr #Menschenrechte, Obmann im Ausschu√ü f√ºr Menschenrechte im #Bundestag; #Umweltausschu√ü | https://t.co/YlgpsEon92",,
89,89,89,HartmutEbbing,Mitglied des Deutschen Bundestags - WK Steglitz-Zehlendorf -  Kulturpolitischer Sprecher der @fdpbt und Stellvertretendes Mitglied im Finanzausschuss,,
90,90,90,jensmaierafd,,,
91,91,91,drfriesenmdb,,,
92,92,92,Th_Seitz_AfD,Rechtspolitischer Sprecher der @AfDimBundestag und Mitglied des Kreistages des Ortenaukreises,,
93,93,93,SteffenKotre,,,
94,94,94,andreasbleckmdb,,,
95,95,95,Brehm_inNBGNord,,,
96,96,96,koehler_fdp,,,
97,97,97,DrMEspendiller,,,
98,98,98,BrunnerGanzOhr,,,
99,99,99,volker_munz,,,
100,100,100,danywagner_da,,,
101,101,101,SchaeferCDU,,,
102,102,102,carina_konrad,,,
103,103,103,Martin_Hess_AfD,,,
104,104,104,SybilleBenning,,,
105,105,105,CorinnaMiazga,,,
106,106,106,NKleinwaechter,,,
107,107,107,S_Muenzenmaier,,,
108,108,108,mvabercron,,,
109,109,109,Meyer_FDP,,,
110,110,110,sandra_weeser,,,
111,111,111,JBrandenburgFDP,,,
112,112,112,GustavHerzogMdB,,,
113,113,113,AchimKessler,,,
114,114,114,UdoHemmelgarn,,,
115,115,115,KlausMindrup,,,
116,116,116,NinaScheer_SPD,,,
117,117,117,h_weyel,,,
118,118,118,Alice_Weidel,,,
119,119,119,Rene_Springer,,,
120,120,120,c_bernstiel,,,
121,121,121,Oehmeulrich,,,
122,122,122,VoepelDirk,,,
123,123,123,WSchinnenburg,,,
124,124,124,HoubenReinhard,,,
125,125,125,katrin_staffler,,,
126,126,126,hans_michelbach,,,
127,127,127,ProfMaier,,,
128,128,128,StephPilsinger,,,
129,129,129,M_HarderKuehnel,,,
130,130,130,JoanaCotar,,,
131,131,131,DrJoeWeingarten,,,
132,132,132,PetrBystronAfD,,,
133,133,133,DirkSpaniel,,,
134,134,134,DerDanyal,,,
135,135,135,mischrodi,,,
136,136,136,MarcBernhardAfD,,,
137,137,137,Dr_Rainer_Kraft,,,
138,138,138,BraFDP,,,
139,139,139,mueller_sepp,,,
140,140,140,Matthiasnoelke,,,
141,141,141,AkbulutGokay,,,
142,142,142,Tino_Chrupalla,,,
143,143,143,GruebelMdb,,,
144,144,144,StefanKeuterAfD,,,
145,145,145,MuellerChemnitz,,,
146,146,146,FGuentzler,,,
147,147,147,Paul_Podolay,,,
148,148,148,Neumann_AfD,,,
149,149,149,LeniBreymaier,,,
150,150,150,Leif_Erik_Holm,,,
151,151,151,josip_juratovic,,,
152,152,152,SabinePoschmann,,,
153,153,153,Marcus_Buehl,,,
154,154,154,MdB_Ulrike_Bahr,,,
155,155,155,Schneider_AfD,,,
156,156,156,Jochen_Haug,,,
157,157,157,StBrandner,,,
158,158,158,DrLaunert,,,
159,159,159,StefingerMdB,,,
160,160,160,RyglewskiS,,,
161,161,161,DorisAchelwilm,,,
162,162,162,dr_tiemann,,,
163,163,163,HajdukBundestag,,,
164,164,164,MichaelFrieser,,,
165,165,165,ZdebelHubertus,,,
166,166,166,Witt_Uwe,,,
167,167,167,ElsnervonGronow,,,
168,168,168,NorbertMuellerP,,,
169,169,169,MichaelKuffer,,,
170,170,170,jankortemdb,,,
171,171,171,Marc_Jongen,,,
172,172,172,stamm_fibich,,,
173,173,173,KorkmazGT,,,
174,174,174,YvonneMagwas,,,
175,175,175,UdoSchiefner,,,
176,176,176,thlutze,,,
177,177,177,DerLenzMdB,,,
178,178,178,CarstenTraeger,,,
179,179,179,Toens_NRW04,,,
180,180,180,vonGottberg_AfD,,,
181,181,181,Jan_Nolte_AfD,,,
182,182,182,WaldemarHerdt,,,
183,183,183,Ulrich_Oehme,,,
184,184,184,PeterFelser,,,
185,185,185,matthiasbartke,,,
186,186,186,AWidmannMauz,,,
187,187,187,victorperli,,,
188,188,188,stadler_svenja,,,
189,189,189,Thomas_Ehrhorn,,,
190,190,190,AndreasSteier,,,
191,191,191,TorbjoernKartes,,,
192,192,192,siegbert_droese,,,
193,193,193,Heiko_Wildberg,,,
194,194,194,MarkusPaschke,,,
195,195,195,Nicole_Hoechst,,,
196,196,196,MAStrackZi,,,
197,197,197,BerndBaumannAfD,,,
198,198,198,BerndBaumannAfD,,,
199,199,199,michael_g_link,,,
200,200,200,GabyKatzmarek,,,
201,201,201,Peter_Stein_CDU,,,
202,202,202,MarcusHeld_SPD,,,
203,203,203,DeRidder_MdB,,,
204,204,204,UllaJelpke,,,
205,205,205,AlexanderRadwan,,,
206,206,206,MichaelGrossAWO,,,
207,207,207,fritzfelgentreu,,,
208,208,208,NBaradari,,,
209,209,209,cdu_schweiger,,,
210,210,210,KoobMar,,,
211,211,211,Lothar_Binding,,,
212,212,212,Conni_Moehring,,,
213,213,213,uwe_kamann,,,
214,214,214,M_Reichardt_AfD,,,
215,215,215,Renner_AfD,,,
216,216,216,Huber_AfD,,,
217,217,217,TobiasMPeterka,,,
218,218,218,Kai_Whittaker,,,
219,219,219,GerdesMdB,,,
220,220,220,BetMueller,,,
221,221,221,marianwendt,,,
222,222,222,RonjaKemmer,,,
223,223,223,muellerboehm,,,
224,224,224,malsackwinkeman,,,
225,225,225,OWvonHoltz,,,
226,226,226,LehmannSpd,,,
227,227,227,DietmarBartsch,,,
228,228,228,MarkusTressel,,,
229,229,229,TErndl,,,
230,230,230,ABaerbockArchiv,,,
231,231,231,thomas_jurk,,,
232,232,232,Dr_Roy_Kuehne,,,
233,233,233,dittmarsabine,,,
234,234,234,HoldingEuropa,,,
235,235,235,PeterHeidtFDP,,,
236,236,236,AKulitz,,,
237,237,237,Hansjoerg_Durz,,,
238,238,238,annachristmann,,,
239,239,239,michel_brandt_,,,
240,240,240,HHirte,,,
241,241,241,Frank_Pasemann,,,
242,242,242,SusannRuethrich,,,
243,243,243,AndreaLindholz,,,
244,244,244,Kaiser_SPD,,,
245,245,245,nord_th,,,
246,246,246,AfDProtschka,,,
247,247,247,Hermiworld,,,
248,248,248,oezdemir_spd,,,
249,249,249,joerg_cezanne,,,
250,250,250,MarkHauptmann,,,
251,251,251,jschraps,,,
252,252,252,KirstenTackmann,,,
253,253,253,Florian_Ossner,,,
254,254,254,KayGottschalk1,,,
255,255,255,AlexanderSNeu,,,
256,256,256,MatthiasHauer,,,
257,257,257,bela_bach,,,
258,258,258,ChrisKuehn_mdb,,,
259,259,259,Achim_P,,,
260,260,260,s_schwartze,,,
261,261,261,EUTheurer,,,
262,262,262,KarstenMoering,,,
263,263,263,ManderlaGisela,,,
264,264,264,SylviaPantel,,,
265,265,265,sebast_hartmann,,,
266,266,266,berlinliebich,,,
267,267,267,MetinHakverdi,,,
268,268,268,arnoklare,,,
269,269,269,JanMetzler,,,
270,270,270,gabiweberspd,,,
271,271,271,A_Gloeckner,,,
272,272,272,MechthildHeil,,,
273,273,273,StefanRouenhoff,,,
274,274,274,GruenClaudia,,,
275,275,275,WilfriedOellers,,,
276,276,276,GregorGysi,,,
277,277,277,MarcusWeinberg,,,
278,278,278,ulschzi,,,
279,279,279,NicoleGohlke,,,
280,280,280,SylviaGabelmann,,,
281,281,281,GtzFrmming,,,
282,282,282,ullaihnen,,,
283,283,283,FlorianPost,,,
284,284,284,JanaSchimke,,,
285,285,285,MatthiasGastel,,,
286,286,286,SteffenSonja,,,
287,287,287,HaraldWeinberg,,,
288,288,288,JuttaKrellmann,,,
289,289,289,LieblingXhain,,,
290,290,290,MaikBeermann,,,
291,291,291,MTodtenhausen,,,
292,292,292,danielakolbe,,,
293,293,293,Timon_Gremmels,,,
294,294,294,FrankeEdgar,,,
295,295,295,MargareteBause,,,
296,296,296,KonstantinKuhle,,,
297,297,297,kottinguhl,,,
298,298,298,KLeikert,,,
299,299,299,helgelindh,,,
300,300,300,JensZSPD,,,
301,301,301,StefanGelbhaar,,,
302,302,302,ch_buchholz,,,
303,303,303,DFoest,,,
304,304,304,michael_thews,,,
305,305,305,uweschummer,,,
306,306,306,hahnflo,,,
307,307,307,armin_schuster,,,
308,308,308,JoWadephul,,,
309,309,309,UlliNissen,,,
310,310,310,PSchnieder,,,
311,311,311,PeterAumer,,,
312,312,312,HeikeHaensel,,,
313,313,313,KarambaDiaby,,,
314,314,314,pascalmeiser,,,
315,315,315,GaHeinrich,,,
316,316,316,Petra_Sitte_MdB,,,
317,317,317,ThomasHitschler,,,
318,318,318,PaulZiemiak,,,
319,319,319,R_Hartwig_AfD,,,
320,320,320,badulrichmartha,,,
321,321,321,SteinekeCDU,,,
322,322,322,SabineLeidig,,,
323,323,323,Andi_Wagner,,,
324,324,324,KaczmarekOliver,,,
325,325,325,Katrin_Werner,,,
326,326,326,filizgreen,,,
327,327,327,BaerbelKofler,,,
328,328,328,jensbeeck,,,
329,329,329,SBarrientosK,,,
330,330,330,Pohl_MdB,,,
331,331,331,LindaTeuteberg,,,
332,332,332,Axel_Fischer,,,
333,333,333,Johann_Saathoff,,,
334,334,334,MatthiasHeider,,,
335,335,335,markuskurthmdb,,,
336,336,336,Lambsdorff,,,
337,337,337,JensKoeppen,,,
338,338,338,HESommer,,,
339,339,339,IreneMihalic,,,
340,340,340,lgbeutin,,,
341,341,341,anjaweisgerber,,,
342,342,342,HildeMattheis,,,
343,343,343,NiemaMovassat,,,
344,344,344,TinoSorge,,,
345,345,345,KaiGehring,,,
346,346,346,fdp_hessel,,,
347,347,347,UteVogt,,,
348,348,348,stephankuehn,,,
349,349,349,PeterBoehringer,,,
350,350,350,schneidercar,,,
351,351,351,dieschmidt,,,
352,352,352,BjoernSimon,,,
353,353,353,michaelleutert,,,
354,354,354,hacker_fdp,,,
355,355,355,Oliver_Krischer,,,
356,356,356,AndrejHunko,,,
357,357,357,JoSteiniger,,,
358,358,358,FalkoMohrs,,,
359,359,359,jungeinberlin,,,
360,360,360,StephanThomae,,,
361,361,361,LINKEPELLI,,,
362,362,362,MartinaRenner,,,
363,363,363,UlrichLange,,,
364,364,364,KarinStrenz,,,
365,365,365,ninawarken,,,
366,366,366,CPetryMdB,,,
367,367,367,Manfredbehrens,,,
368,368,368,monikalazar,,,
369,369,369,olavgutting,,,
370,370,370,soerenbartol,,,
371,371,371,PeterWeissMdB,,,
372,372,372,CarstenMuellers,,,
373,373,373,GrueneBeate,,,
374,374,374,TabeaRoessner,,,
375,375,375,matthiaszimmer,,,
376,376,376,ebner_sha,,,
377,377,377,DJanecek,,,
378,378,378,StefanKaufmann,,,
379,379,379,DrAndreasNick,,,
380,380,380,beatewaro,,,
381,381,381,stonie_kiel,,,
382,382,382,UweKekeritz,,,
383,383,383,MartinRabanus,,,
384,384,384,MarcHenrichmann,,,
385,385,385,Ingrid_Nestle,,,
386,386,386,FrankHeinrich,,,
387,387,387,PatrickSensburg,,,
388,388,388,RKiesewetter,,,
389,389,389,NadineSchoen,,,
390,390,390,TSchipanski,,,
391,391,391,edrossmann,,,
392,392,392,rbrinkhaus,,,
393,393,393,MechthildRawert,,,
394,394,394,tj_tweets,,,
395,395,395,SoenkeRix,,,
396,396,396,Erwin_Rueddel,,,
397,397,397,VolkmarKlein,,,
398,398,398,fbrantner,,,
399,399,399,Andreas_Rimkus,,,
400,400,400,FrankSchwabe,,,
401,401,401,bstrasser,,,
402,402,402,MartinRosemann,,,
403,403,403,VolkerUllrich,,,
404,404,404,DanielaKluckert,,,
405,405,405,josefoster,,,
406,406,406,franksitta,,,
407,407,407,franksteffel,,,
408,408,408,cad59,,,
409,409,409,LoetzschMdB,,,
410,410,410,AMattfeldt,,,
411,411,411,Ingmar_Jung,,,
412,412,412,CanselK,,,
413,413,413,JM_Luczak,,,
414,414,414,MarcusFaber,,,
415,415,415,ekindeligoez,,,
416,416,416,josephineortleb,,,
417,417,417,voglerk,,,
418,418,418,KatrinHelling,,,
419,419,419,tobiaslindner,,,
420,420,420,OlliLuksic,,,
421,421,421,Diether_Dehm,,,
422,422,422,RuedigerKruse,,,
423,423,423,W_SK,,,
424,424,424,gero_storjohann,,,
425,425,425,PascalKober,,,
426,426,426,katjadoerner,,,
427,427,427,baerbelbas,,,
428,428,428,matschie,,,
429,429,429,Uwe_Schulz_AfD,,,
430,430,430,rainerspiering,,,
431,431,431,f_schaeffler,,,
432,432,432,DennisRohde,,,
433,433,433,MariaKlSchmeink,,,
434,434,434,Otto_Fricke,,,
435,435,435,smuellermdb,,,
436,436,436,ManuelSarrazin,,,
437,437,437,K_SA,,,
438,438,438,torstenherbst,,,
439,439,439,christianduerr,,,
440,440,440,ManuelHoeferlin,,,
441,441,441,larscastellucci,,,
442,442,442,florian_toncar,,,
443,443,443,sven_kindler,,,
444,444,444,svenlehmann,,,
445,445,445,tpflueger,,,
446,446,446,solms,,,
447,447,447,katdro,,,
448,448,448,johannesvogel,,,
449,449,449,FabioDeMasi,,,
450,450,450,SilberhornMdB,,,
451,451,451,AdlerGunther,,,
452,452,452,Thomas_Bareiss,,,
453,453,453,AnjaKarliczek,,,
454,454,454,AnetteKramme,,,
455,455,455,MiRo_SPD,,,
456,456,456,JochenFlasbarth,,,
457,457,457,guenterkrings,,,
458,458,458,ChristianLange_,,,
459,459,459,fuchtel,,,
460,460,460,zierke,,,
461,461,461,thomasgebhart,,,
462,462,462,rischwasu,,,
463,463,463,NielsAnnen,,,
464,464,464,KerstinGriese,,,
465,465,465,ChristianHirte,,,
466,466,466,meister_schafft,,,
467,467,467,SteffenBilger,,,
468,468,468,HBraun,,,
469,469,469,wanderwitz,,,
470,470,470,ChristlichMitte,,,
471,471,471,BB_PRONRW,,,
472,472,472,AfD,,,
473,473,473,Bue_So,,,
474,474,474,oedp_de,,,
475,475,475,DiePARTEI,,,
476,476,476,Bayernpartei,,,
477,477,477,dieLinke,,,
478,478,478,republikaner,,,
479,479,479,Familienpartei,,,
480,480,480,fdp,,,
481,481,481,gleichheit,,,
482,482,482,spdde,,,
483,483,483,CSU,,,
484,484,484,CDU,,,
485,485,485,SPDEuropa,,,
486,486,486,Die_Gruenen,,,
487,487,487,Piratenpartei,,,
488,488,488,Schuster_MdEP,,,
489,489,489,BuchheitMarkus,,,
490,490,490,Andi_Glueck,,,
491,491,491,HerbstNiclas,,,
492,492,492,MariaNoichl,,,
493,493,493,BuschmannMartin,,,
494,494,494,AlexandraGeese,,,
495,495,495,echo_pbreyer,,,
496,496,496,Joachim_Kuhs,,,
497,497,497,EnginEroglu_FW,,,
498,498,498,RadtkeMdEP,,,
499,499,499,AndersonAfDMdEP,,,
500,500,500,RomeoFranz1,,,
501,501,501,gunnar_beck,,,
502,502,502,egebhardtMdEP,,,
503,503,503,anna_cavazzini,,,
504,504,504,d_boeselager,,,
505,505,505,HNeumannMEP,,,
506,506,506,AnnaDeparnay,,,
507,507,507,GuidoReil,,,
508,508,508,Nicolaus_Fest,,,
509,509,509,Joerg_Meuthen,,,
510,510,510,gabischoff,,,
511,511,511,martina_michels,,,
512,512,512,peter_jahr,,,
513,513,513,markuspieperMEP,,,
514,514,514,MHohlmeier,,,
515,515,515,sabineverheyen,,,
516,516,516,UdoBullmann,,,
517,517,517,HelmutScholzMEP,,,
518,518,518,hildebentele,,,
519,519,519,ConstanzeKrehl,,,
520,520,520,schulzeeuropa,,,
521,521,521,Dr_KlausBuchner,,,
522,522,522,MarkusFerber,,,
523,523,523,henrikehahn,,,
524,524,524,BirgitSippelMEP,,,
525,525,525,ErnstCornelia,,,
526,526,526,KrahMax,,,
527,527,527,delarabur,,,
528,528,528,svenja_hahn,,,
529,529,529,k_langensiepen,,,
530,530,530,ANiebler,,,
531,531,531,schirdewan,,,
532,532,532,UliMuellerMdEP,,,
533,533,533,IsmailErtug,,,
534,534,534,MarionWalsmann,,,
535,535,535,TerryReintke,,,
536,536,536,SLagodinsky,,,
537,537,537,JuttaPaulusRLP,,,
538,538,538,OezlemADemirel,,,
539,539,539,jcoetjen,,,
540,540,540,daniel_freund,,,
541,541,541,AxelVossMdEP,,,
542,542,542,nicosemsrott,,,
543,543,543,Brger100,,,
544,544,544,ErikMarquardt,,,
545,545,545,nnienass,,,
546,546,546,michaelgahler,,,
547,547,547,MartinHaeusling,,,
548,548,548,ChSchneider,,,
549,549,549,DrStefanBerger,,,
550,550,550,peterliese,,,
551,551,551,EuropaJens,,,
552,552,552,Andreas_Schwab,,,
553,553,553,ViolavonCramon,,,
554,554,554,moritzkoerner,,,
555,555,555,MartinSonneborn,,,
556,556,556,ManfredWeber,,,
557,557,557,micha_bloss,,,
558,558,558,svensimon,,,
559,559,559,woelken,,,
560,560,560,Doleschal,,,
561,561,561,caspary,,,
562,562,562,berndlange,,,
563,563,563,RasmusAndresen,,,
564,564,564,SkaKeller,,,
565,565,565,b_riexinger,,,
566,566,566,GoeringEckardt,,,
567,567,567,PetraPauMaHe,,,
568,568,568,JTrittin,,,
569,569,569,peteraltmaier,,,
570,570,570,jensspahn,,,
571,571,571,ThomasOppermann,,,
572,572,572,ernst_klaus,,,
573,573,573,andreasscheuer,,,
574,574,574,SWagenknecht,,,
575,575,575,juergenhardt,,,
576,576,576,petertauber,,,
577,577,577,CarenLay,,,
578,578,578,bueti,,,
579,579,579,FlorianPronold,,,
580,580,580,MartinSchulz,,,
581,581,581,davidmcallister,,,
582,582,582,nouripour,,,
583,583,583,DorisSenger_MdL,,,
584,584,584,nicolasfink_mdl,,,
585,585,585,SabineKurtzMdL,,,
586,586,586,volkerschebesta,,,
587,587,587,berndgoegelafd,,,
588,588,588,AntonBaronAfD,,,
589,589,589,wolfgang_gedeon,,,
590,590,590,DrChristinaBaum,,,
591,591,591,CarolaWolle,,,
592,592,592,kleinboeck_mdl,,,
593,593,593,RollandGabi,,,
594,594,594,DanielKarrais,,,
595,595,595,HPStauch,,,
596,596,596,HagelManuel,,,
597,597,597,ElkeZimmerMdLBW,,,
598,598,598,profdrgoll,,,
599,599,599,reich_gutjahr,,,
600,600,600,FabianGramling,,,
601,601,601,udostein_mdl,,,
602,602,602,StochAndreas,,,
603,603,603,stefanfulstblei,,,
604,604,604,Martin_Hahn_MdL,,,
605,605,605,schuetteMdL,,,
606,606,606,USckerl,,,
607,607,607,nicolerazavi,,,
608,608,608,TheresiaBauer,,,
609,609,609,NeseErikli,,,
610,610,610,allworldisgreen,,,
611,611,611,DrFiechtner,,,
612,612,612,SabineWoelfle,,,
613,613,613,KlausHoher,,,
614,614,614,salomon_alex,,,
615,615,615,karlkleinmdl,,,
616,616,616,mannelucha,,,
617,617,617,jochenhaussmann,,,
618,618,618,trenker75,,,
619,619,619,Muhterem_Aras,,,
620,620,620,saschabinder,,,
621,621,621,timmkern,,,
622,622,622,siegfriedlorek,,,
623,623,623,gruen_kern,,,
624,624,624,brigitte_loesch,,,
625,625,625,martinrivoir,,,
626,626,626,JoshaFrey,,,
627,627,627,ErikSchweickert,,,
628,628,628,alindlohr,,,
629,629,629,WinneHermann,,,
630,630,630,ruelke,,,
631,631,631,reinholdgall,,,
632,632,632,IngoHahnAfD,,,
633,633,633,GabrieleTriebel,,,
634,634,634,AndyWinhart,,,
635,635,635,FBergmuellerMdL,,,
636,636,636,gerlach_judith,,,
637,637,637,dr_afd,,,
638,638,638,KoehlerClaudia7,,,
639,639,639,FloSiekmann,,,
640,640,640,Doris_Rauscher,,,
641,641,641,MargitWild,,,
642,642,642,HiersemannAlexa,,,
643,643,643,GerdMannesAfD,,,
644,644,644,TobiasReissMdL,,,
645,645,645,ursula_sowa,,,
646,646,646,BarbaraRegitz,,,
647,647,647,fw_hold,,,
648,648,648,andkrahl,,,
649,649,649,HorstArnold_SPD,,,
650,650,650,brannekamper,,,
651,651,651,CHierneis,,,
652,652,652,BeateMerk1,,,
653,653,653,_MartinHagen,,,
654,654,654,Johannes_Becher,,,
655,655,655,StrohmayrS,,,
656,656,656,SteinbergerRosi,,,
657,657,657,RuthMuellerSPD,,,
658,658,658,ThorstenGlauber,,,
659,659,659,schmid1_j,,,
660,660,660,JuergenMistol,,,
661,661,661,Thomas_Gehring_,,,
662,662,662,KEbnerSteiner,,,
663,663,663,HubertAiwanger,,,
664,664,664,WBausback,,,
665,665,665,NataschaKohnen,,,
666,666,666,HolgerDremel,,,
667,667,667,m_rinderspacher,,,
668,668,668,IlseAigner,,,
669,669,669,RichardGraupner,,,
670,670,670,MdL_KSteiner,,,
671,671,671,TSchorerDremel,,,
672,672,672,MichaelPiazolo,,,
673,673,673,FlorianStreibl,,,
674,674,674,ChristianFlisek,,,
675,675,675,KS_MdL,,,
676,676,676,KerstinCelina,,,
677,677,677,der_buechler,,,
678,678,678,EricBeisswenger,,,
679,679,679,HauberHauwei,,,
680,680,680,GiselaSengl,,,
681,681,681,EvaLettenbauer,,,
682,682,682,GeraldPittner,,,
683,683,683,MelanieHuml,,,
684,684,684,GulserenDemirel,,,
685,685,685,BozogluCemal,,,
686,686,686,JoachimHanisch,,,
687,687,687,BertholdRueth,,,
688,688,688,arif_tasdelen,,,
689,689,689,MarkusBlume,,,
690,690,690,JulikaSandt,,,
691,691,691,Markus_Soeder,,,
692,692,692,Andreas_Schalk,,,
693,693,693,WTaubeneder,,,
694,694,694,Christian20er,,,
695,695,695,gudrunbrendelf,,,
696,696,696,KarlFreller,,,
697,697,697,MaxDeisenhofer,,,
698,698,698,DorowAlex,,,
699,699,699,MMFischbach,,,
700,700,700,PeterTomaschko,,,
701,701,701,HepMonatzeder,,,
702,702,702,Hintersberger,,,
703,703,703,LudwigHartmann,,,
704,704,704,KohlerJochen,,,
705,705,705,FlorianvonBrunn,,,
706,706,706,Marcel_Huber,,,
707,707,707,StoettnerK,,,
708,708,708,DuenkelNorbert,,,
709,709,709,AnFRanke,,,
710,710,710,KathaSchulze,,,
711,711,711,MatthiasND,,,
712,712,712,powerkroete,,,
713,713,713,BMiskowitsch,,,
714,714,714,KlausAdelt,,,
715,715,715,MichaelCBusch,,,
716,716,716,Weidenbusch_E,,,
717,717,717,mstuempfig,,,
718,718,718,FRANKENSPRECHER,,,
719,719,719,Ch_Skutella,,,
720,720,720,heubisch,,,
721,721,721,sannekurz,,,
722,722,722,Osgyan,,,
723,723,723,GuttenbergerMdL,,,
724,724,724,S_Koerber_MdL,,,
725,725,725,huber_ebe,,,
726,726,726,GansGruen,,,
727,727,727,fwhfreising,,,
728,728,728,Gertinger,,,
729,729,729,presse_mdlkarl,,,
730,730,730,PatrickFriedl,,,
731,731,731,DuinBayern,,,
732,732,732,Roter_Ritter,,,
733,733,733,f_leschewitz,,,
734,734,734,AWieberneit,,,
735,735,735,StandfuStephan,,,
736,736,736,FrankZ_MdA,,,
737,737,737,TorstenHoferSPD,,,
738,738,738,IrisSpranger,,,
739,739,739,franzkerker,,,
740,740,740,BuchholzMda,,,
741,741,741,TinoSchopf,,,
742,742,742,HansJoachimBerg,,,
743,743,743,HaraldWolf20,,,
744,744,744,herbert_mohr,,,
745,745,745,RaedSalehBerlin,,,
746,746,746,DieterNeuendorf,,,
747,747,747,boeckermda,,,
748,748,748,tommytabor,,,
749,749,749,gaby_gottwald,,,
750,750,750,graf_berlin,,,
751,751,751,SibylleMeister,,,
752,752,752,ThomasSeerig,,,
753,753,753,F_Brychcy,,,
754,754,754,JeanetteAuricht,,,
755,755,755,MaikPenn,,,
756,756,756,Pankow_im_AGH,,,
757,757,757,ChGraeff,,,
758,758,758,hanno_bachmann,,,
759,759,759,st_foerster,,,
760,760,760,topac_fatos,,,
761,761,761,FlorianSwyter,,,
762,762,762,GoinyChristian,,,
763,763,763,michaeldietmann,,,
764,764,764,UbbelohdeBerlin,,,
765,765,765,Bettina_Jarasch,,,
766,766,766,ineslinks,,,
767,767,767,AfDLindemann,,,
768,768,768,haraldlaatsch,,,
769,769,769,nelken_berlin,,,
770,770,770,jj_schube,,,
771,771,771,die_gennburg,,,
772,772,772,Georg_Pazderski,,,
773,773,773,regina_kittler,,,
774,774,774,SebCzaja,,,
775,775,775,vandrey_petra,,,
776,776,776,frank_jahnke,,,
777,777,777,Caglar_Derya_,,,
778,778,778,s_kahlefeld,,,
779,779,779,FrankHansel,,,
780,780,780,BerlinGestalter,,,
781,781,781,TomSchreiberMdA,,,
782,782,782,UdoWolfAlpin,,,
783,783,783,k_ronneburg,,,
784,784,784,dmanuelaschmidt,,,
785,785,785,danielabillig,,,
786,786,786,WeissAfD,,,
787,787,787,otto_direkt,,,
788,788,788,LasicMaja,,,
789,789,789,Fcm_BeckerSPD,,,
790,790,790,UelkerRadziwill,,,
791,791,791,FrankScholtysek,,,
792,792,792,Thomas_Isenberg,,,
793,793,793,RamonaPop,,,
794,794,794,Kristin_Brinker,,,
795,795,795,RobertSchaddach,,,
796,796,796,StefRemlinger,,,
797,797,797,MVallendar,,,
798,798,798,HughBronson_AfD,,,
799,799,799,Harald_Moritz,,,
800,800,800,MarenJasper,,,
801,801,801,DirkStettner,,,
802,802,802,EvaMariePlonske,,,
803,803,803,NotkerBerlin,,,
804,804,804,CorneliaSeibeld,,,
805,805,805,DrTurgutAltug,,,
806,806,806,nikschrader,,,
807,807,807,FDoerstelmann,,,
808,808,808,StSchmidtBerlin,,,
809,809,809,BurkertEulitz,,,
810,810,810,stefanie_fuchs,,,
811,811,811,FScheermesser,,,
812,812,812,dpwes,,,
813,813,813,CzyIna,,,
814,814,814,TimZeelen,,,
815,815,815,HakanTasBerlin,,,
816,816,816,torschber,,,
817,817,817,KohlmeierSPD,,,
818,818,818,Antje_Kapek,,,
819,819,819,MichaelEfler,,,
820,820,820,AnjaKofbinger,,,
821,821,821,s_k_walter,,,
822,822,822,BuBernd,,,
823,823,823,StefanTaschner,,,
824,824,824,SabineBangert,,,
825,825,825,Katina_Schubert,,,
826,826,826,Dennis_Buchner,,,
827,827,827,KatrinVogel,,,
828,828,828,dannyfreymark,,,
829,829,829,burkarddregger,,,
830,830,830,SeeroiberJenny,,,
831,831,831,DilekKalayci22,,,
832,832,832,BertramPH,,,
833,833,833,HolgerKrestel,,,
834,834,834,LudwigNicole,,,
835,835,835,Wollihood,,,
836,836,836,Stroedter,,,
837,837,837,Tobias_Schulze,,,
838,838,838,schatzbln,,,
839,839,839,PaulFresdorf,,,
840,840,840,GYGeorg,,,
841,841,841,schluesselburg,,,
842,842,842,ronaldglaeser,,,
843,843,843,HendrikjeKlein,,,
844,844,844,hennerschmidt,,,
845,845,845,langenbrinck,,,
846,846,846,stefanziller,,,
847,847,847,kaddinsky,,,
848,848,848,HeikoMelzer,,,
849,849,849,chhoch,,,
850,850,850,bene_lux,,,
851,851,851,SilkeGebel,,,
852,852,852,CKniestedt,,,
853,853,853,DannyEichelbaum,,,
854,854,854,MarlenBlock,,,
855,855,855,Isa_Hiekel,,,
856,856,856,IsabelleVandre,,,
857,857,857,MarieSchaeff,,,
858,858,858,KubitzkiSteffen,,,
859,859,859,KotreLena,,,
860,860,860,DieDannenberg,,,
861,861,861,Dennis_Hohloch,,,
862,862,862,schaller_wk32,,,
863,863,863,HCBerndt,,,
864,864,864,ErikStohn,,,
865,865,865,BettinaFortuna1,,,
866,866,866,PoschmannKatja,,,
867,867,867,KathleenMuxel,,,
868,868,868,AndreasKalbitz,,,
869,869,869,PetraBudke,,,
870,870,870,RoickWolfgang,,,
871,871,871,JanRedmannWk,,,
872,872,872,Wilko_Moeller,,,
873,873,873,SabineBarthel1,,,
874,874,874,PeterDrenske,,,
875,875,875,RicardaBudke,,,
876,876,876,steffenjohn9,,,
877,877,877,d_lutzow,,,
878,878,878,langekatrin1,,,
879,879,879,brichstein1,,,
880,880,880,Galau_MdL,,,
881,881,881,BommertF,,,
882,882,882,WieseFranz,,,
883,883,883,BirgitBessin,,,
884,884,884,dunkelrotseher,,,
885,885,885,Chr_Goerke,,,
886,886,886,HeinerOburg,,,
887,887,887,MStefke,,,
888,888,888,schierack_cdu,,,
889,889,889,sahra_damus,,,
890,890,890,Julian_Bruening,,,
891,891,891,BuettnerAndreas,,,
892,892,892,BLakenmacher,,,
893,893,893,KristyAugustin,,,
894,894,894,gordonhoffmann,,,
895,895,895,vongizycki,,,
896,896,896,Huenich,,,
897,897,897,InkaGoRe,,,
898,898,898,DEZi_Brb,,,
899,899,899,walter_linke,,,
900,900,900,Ben_Raschke,,,
901,901,901,Clemens_Rostock,,,
902,902,902,carstensieling,,,
903,903,903,SigridGronert,,,
904,904,904,YAverwerser,,,
905,905,905,MazlumKoc10,,,
906,906,906,TR_Bremen,,,
907,907,907,EvaQuanteBrandt,,,
908,908,908,falkinjo_hb,,,
909,909,909,UFelgentrager,,,
910,910,910,Mark_Runge_AfD,,,
911,911,911,PorschkeThomas,,,
912,912,912,YaziciMdbb,,,
913,913,913,HeikoStrohmann,,,
914,914,914,BenschRainer,,,
915,915,915,guenther_flissi,,,
916,916,916,luebkemarco,,,
917,917,917,MullerHenrike,,,
918,918,918,TRaschen,,,
919,919,919,Mazlum21752231,,,
920,920,920,bjoernfecker,,,
921,921,921,JaninaStrelow,,,
922,922,922,SaxeRalph,,,
923,923,923,PhBruck,,,
924,924,924,GrobienSusanne,,,
925,925,925,miriamstrunge,,,
926,926,926,SofiaLeonidakis,,,
927,927,927,ArnoGottschalk,,,
928,928,928,jenseckhoff,,,
929,929,929,mauricebmueller,,,
930,930,930,a_grotheer,,,
931,931,931,holgerwelt,,,
932,932,932,NelsonJanssen,,,
933,933,933,ChristophWeiss3,,,
934,934,934,mustihb,,,
935,935,935,HaukeHilz,,,
936,936,936,chrisschnittker,,,
937,937,937,HBodeit,,,
938,938,938,MichaelKellerHB,,,
939,939,939,claasrohmeyer,,,
940,940,940,GonulBredehorst,,,
941,941,941,MartinGuenthner,,,
942,942,942,KaiWargalla,,,
943,943,943,BettinaHornhues,,,
944,944,944,Bolayela,,,
945,945,945,SandraAhrens,,,
946,946,946,JanTimke,,,
947,947,947,MustafaGuengoer,,,
948,948,948,k_lenkeit,,,
949,949,949,Magnus_Buhlert,,,
950,950,950,InsaTietjen,,,
951,951,951,dielinke_rose,,,
952,952,952,SarahTimmann,,,
953,953,953,BHerrmannHH,,,
954,954,954,PSturzenbecher,,,
955,955,955,AnkeFrieling,,,
956,956,956,AlskeFreter,,,
957,957,957,DavidErkalp,,,
958,958,958,MarcSchemmel,,,
959,959,959,Mary_Blumenthal,,,
960,960,960,MiriamPutz,,,
961,961,961,KappeSandro,,,
962,962,962,OlgaPetersenAfD,,,
963,963,963,juliabarth_hh,,,
964,964,964,ZMojadeddi,,,
965,965,965,ADressel,,,
966,966,966,ralfneubauerhh,,,
967,967,967,gruenpfleger,,,
968,968,968,melanieleonhard,,,
969,969,969,GngrYilmaz6,,,
970,970,970,mibloq,,,
971,971,971,ivymaymueller,,,
972,972,972,JanKoltze,,,
973,973,973,CarstenBrosda,,,
974,974,974,DavidStoopHH,,,
975,975,975,jenny_jasberg,,,
976,976,976,SinaDemirhan,,,
977,977,977,moeller_metzger,,,
978,978,978,Rekonstrukteur,,,
979,979,979,JuTiHH,,,
980,980,980,rosadomm_,,,
981,981,981,GrueneLisa,,,
982,982,982,SoeSchu,,,
983,983,983,s_boeddinghaus,,,
984,984,984,SilkeSeif,,,
985,985,985,MehmetYildiz_HH,,,
986,986,986,stoberock,,,
987,987,987,filizdemi,,,
988,988,988,feb63640e151433,,,
989,989,989,ThiloKleibauer,,,
990,990,990,Czech_MdHB,,,
991,991,991,JensKerstan,,,
992,992,992,GSchittek,,,
993,993,993,AstridHennies,,,
994,994,994,anunnehh,,,
995,995,995,TschenPe,,,
996,996,996,pochnicht,,,
997,997,997,BarisOenes,,,
998,998,998,HeikeSudmann,,,
999,999,999,YusufUzundag,,,
1000,1000,1000,StephanGamm,,,
1001,1001,1001,AnnaVTreuenfels,,,
1002,1002,1002,till_steffen,,,
1003,1003,1003,MartinaKoeppen1,,,
1004,1004,1004,DenizCelikhh,,,
1005,1005,1005,Pausti1980,,,
1006,1006,1006,CansuOezdemir,,,
1007,1007,1007,KazimAbaci,,,
1008,1008,1008,iftikharDE,,,
1009,1009,1009,AKammeyer,,,
1010,1010,1010,dkienscherf,,,
1011,1011,1011,LisaMariaOtte,,,
1012,1012,1012,lenazagst,,,
1013,1013,1013,Michael21109,,,
1014,1014,1014,sventode,,,
1015,1015,1015,mareikeengels,,,
1016,1016,1016,DennisThering,,,
1017,1017,1017,drmpetersen,,,
1018,1018,1018,frank_schmitt,,,
1019,1019,1019,uwelohmann,,,
1020,1020,1020,gdobusch,,,
1021,1021,1021,otbhh,,,
1022,1022,1022,StephanJersch,,,
1023,1023,1023,arneplatzbecker,,,
1024,1024,1024,fegebanks,,,
1025,1025,1025,caro3009,,,
1026,1026,1026,platz13,,,
1027,1027,1027,ilkhanipour,,,
1028,1028,1028,DennisGladiator,,,
1029,1029,1029,carola_veit,,,
1030,1030,1030,FaridMueller,,,
1031,1031,1031,hschmidt,,,
1032,1032,1032,MoritzPromny,,,
1033,1033,1033,KBolldorf,,,
1034,1034,1034,yankiffm,,,
1035,1035,1035,SchulzAfD,,,
1036,1036,1036,JSchalauske,,,
1037,1037,1037,holger_bellino,,,
1038,1038,1038,ArnoEnnersAfD,,,
1039,1039,1039,karinmuellermdl,,,
1040,1040,1040,knutjohn_spd,,,
1041,1041,1041,M_Boddenberg,,,
1042,1042,1042,markushofmann_1,,,
1043,1043,1043,stefannaas_fdp,,,
1044,1044,1044,Elisabeth_Kula,,,
1045,1045,1045,ElkeBarth_MdL,,,
1046,1046,1046,Ma_Pentz,,,
1047,1047,1047,RavensburgC,,,
1048,1048,1048,BauerMdL,,,
1049,1049,1049,VohlBernd,,,
1050,1050,1050,Rainer_Rahn,,,
1051,1051,1051,Robert_Lambrou,,,
1052,1052,1052,andreaslichert,,,
1053,1053,1053,vangronma,,,
1054,1054,1054,utter_tobias,,,
1055,1055,1055,fra_schmidt,,,
1056,1056,1056,grudolph_,,,
1057,1057,1057,SchaeferHessen,,,
1058,1058,1058,f_diefenbach,,,
1059,1059,1059,schleenbecker,,,
1060,1060,1060,TobiasEckertSPD,,,
1061,1061,1061,rock_fdp,,,
1062,1062,1062,FexMartin,,,
1063,1063,1063,LukasSchauder,,,
1064,1064,1064,MMeysner,,,
1065,1065,1065,talwazir,,,
1066,1066,1066,HildeFoerster,,,
1067,1067,1067,hofmann_heike,,,
1068,1068,1068,AstridWallmann,,,
1069,1069,1069,kathrin_anders,,,
1070,1070,1070,ChristophDegen,,,
1071,1071,1071,UAlexMdL,,,
1072,1072,1072,Heinz_Lotz,,,
1073,1073,1073,GruegerS,,,
1074,1074,1074,FPKaufmann,,,
1075,1075,1075,kerstin_geis,,,
1076,1076,1076,ines_claus,,,
1077,1077,1077,JFroemmrich,,,
1078,1078,1078,maxschad,,,
1079,1079,1079,MFeldmayer,,,
1080,1080,1080,BchleS,,,
1081,1081,1081,Ismailtipi,,,
1082,1082,1082,joerguwehahn,,,
1083,1083,1083,heschaus,,,
1084,1084,1084,WiebkeFDP,,,
1085,1085,1085,miriam_dahlke,,,
1086,1086,1086,marcusbocklet,,,
1087,1087,1087,TorstenFelsteha,,,
1088,1088,1088,hartmuthonka,,,
1089,1089,1089,Janine_Wissler,,,
1090,1090,1090,torleveringhaus,,,
1091,1091,1091,fdp_mueller,,,
1092,1092,1092,LenaArnoldt,,,
1093,1093,1093,daniel_may_kb,,,
1094,1094,1094,PriskaHinz,,,
1095,1095,1095,mariusweiss,,,
1096,1096,1096,HeideDIELINKE,,,
1097,1097,1097,peterbeuth,,,
1098,1098,1098,KayaKinkel,,,
1099,1099,1099,andihofmeister,,,
1100,1100,1100,NinaEisenhardt,,,
1101,1101,1101,LuciaPuttrich,,,
1102,1102,1102,ChristianeBoehm,,,
1103,1103,1103,MathiasWagner,,,
1104,1104,1104,OStirboeck,,,
1105,1105,1105,Kai_Klose,,,
1106,1106,1106,Angela_Dorn,,,
1107,1107,1107,MichaelRuhl,,,
1108,1108,1108,ACvA_MdL,,,
1109,1109,1109,petrimv,,,
1110,1110,1110,JHSchneiderMdL,,,
1111,1111,1111,WeberProf,,,
1112,1112,1112,JulianBarlen,,,
1113,1113,1113,JacbeJacqueline,,,
1114,1114,1114,MdLFernandes,,,
1115,1115,1115,eva_kroeger,,,
1116,1116,1116,SimoneOldenburg,,,
1117,1117,1117,StephanReuken,,,
1118,1118,1118,ManfredDachner,,,
1119,1119,1119,larisch_karen,,,
1120,1120,1120,ralfmucha,,,
1121,1121,1121,WildtBernhard,,,
1122,1122,1122,TWuerdisch,,,
1123,1123,1123,MFJ_MdB_MV,,,
1124,1124,1124,pdacu,,,
1125,1125,1125,TGundlack,,,
1126,1126,1126,SWippermann,,,
1127,1127,1127,BauernhofKliewe,,,
1128,1128,1128,DirkStamer,,,
1129,1129,1129,Dahlemann,,,
1130,1130,1130,torstenkoplin,,,
1131,1131,1131,NadineJulitz,,,
1132,1132,1132,GentheMarco,,,
1133,1133,1133,MareikeWulf,,,
1134,1134,1134,LilienthalPeer,,,
1135,1135,1135,CGrascha,,,
1136,1136,1136,bothe_stephan,,,
1137,1137,1137,althusmann,,,
1138,1138,1138,DLiebetruth,,,
1139,1139,1139,cbratmann,,,
1140,1140,1140,ImkeByl,,,
1141,1141,1141,laurahopmann,,,
1142,1142,1142,d_kreiser,,,
1143,1143,1143,StefanHenze_AfD,,,
1144,1144,1144,MpStephanWeil,,,
1145,1145,1145,HannaNaber,,,
1146,1146,1146,MarcoMohrmann,,,
1147,1147,1147,cfuehner,,,
1148,1148,1148,hujahn,,,
1149,1149,1149,TobiasHeilmann2,,,
1150,1150,1150,AlpKIRCI,,,
1151,1151,1151,SebLechner,,,
1152,1152,1152,MiriamStaudte,,,
1153,1153,1153,GruenMeyer,,,
1154,1154,1154,RainerFrederman,,,
1155,1155,1155,OliverSchatta,,,
1156,1156,1156,DragosGruene,,,
1157,1157,1157,Guido_Pott,,,
1158,1158,1158,Anja_Piel,,,
1159,1159,1159,Stefan_Birkner,,,
1160,1160,1160,DirkToepffer,,,
1161,1161,1161,DetlevSchulzHen,,,
1162,1162,1162,MetaJanssenKucz,,,
1163,1163,1163,DorisSchroederK,,,
1164,1164,1164,BrinkmannB,,,
1165,1165,1165,JeAhr711,,,
1166,1166,1166,stephanweil,,,
1167,1167,1167,Thiemo_Roehler,,,
1168,1168,1168,KaiSeefried,,,
1169,1169,1169,SilkeLesemann,,,
1170,1170,1170,Grafschafter1,,,
1171,1171,1171,StephanSiemer,,,
1172,1172,1172,Klein_MdL,,,
1173,1173,1173,PhilippRaulfs,,,
1174,1174,1174,Helge_Limburg,,,
1175,1175,1175,StefWenzel,,,
1176,1176,1176,_Heineken_,,,
1177,1177,1177,UweSchuenemann,,,
1178,1178,1178,JModder,,,
1179,1179,1179,SebastianZinke,,,
1180,1180,1180,JoergHillmer,,,
1181,1181,1181,Dr_Pantazis,,,
1182,1182,1182,joergbode,,,
1183,1183,1183,eva_viehoff,,,
1184,1184,1184,OlafLies,,,
1185,1185,1185,FHeiligenstadt,,,
1186,1186,1186,Axel_Miesner,,,
1187,1187,1187,williehamburg,,,
1188,1188,1188,ThomasKutschaty,,,
1189,1189,1189,johannes_remmel,,,
1190,1190,1190,Ruediger_Weiss,,,
1191,1191,1191,Heike_Wermer,,,
1192,1192,1192,MdlMarc,,,
1193,1193,1193,MartinaHannen,,,
1194,1194,1194,m_dueker,,,
1195,1195,1195,sonjabongers,,,
1196,1196,1196,ChristianBlex,,,
1197,1197,1197,K_Rudolph_SPD,,,
1198,1198,1198,Strotebeck_AfD,,,
1199,1199,1199,thomasroecke,,,
1200,1200,1200,MuellerWitt_MdL,,,
1201,1201,1201,_SimoneWendland,,,
1202,1202,1202,Vincentz_AfD,,,
1203,1203,1203,stefanlenzennrw,,,
1204,1204,1204,Schmeltzer_NRW,,,
1205,1205,1205,TrolesHeike,,,
1206,1206,1206,ALueckMdL,,,
1207,1207,1207,CDahmMdL,,,
1208,1208,1208,jochen_klenner,,,
1209,1209,1209,AnjaButschkau,,,
1210,1210,1210,PatriciaPeill,,,
1211,1211,1211,StephenPaul_HF,,,
1212,1212,1212,OKehrl,,,
1213,1213,1213,Gebauer_CDU,,,
1214,1214,1214,Fabian_Schrumpf,,,
1215,1215,1215,Wagner_AfD_MdL,,,
1216,1216,1216,Iris_AfD_MdL,,,
1217,1217,1217,HendrikWuest,,,
1218,1218,1218,WatermannKrass,,,
1219,1219,1219,ante_terhaag,,,
1220,1220,1220,carsten_loecker,,,
1221,1221,1221,RogerBeckamp,,,
1222,1222,1222,LangguthAlex,,,
1223,1223,1223,mue_re,,,
1224,1224,1224,NicVogel_AfD,,,
1225,1225,1225,berivan_aymaz,,,
1226,1226,1226,DuesselSchmitz,,,
1227,1227,1227,ThomasNueckel,,,
1228,1228,1228,RalphBombis,,,
1229,1229,1229,BjoernFranken,,,
1230,1230,1230,Loose_AfD,,,
1231,1231,1231,DiekhoffMarkus,,,
1232,1232,1232,AKossiski,,,
1233,1233,1233,AjahlArmin,,,
1234,1234,1234,baran_volkan,,,
1235,1235,1235,GWalgerDemolsky,,,
1236,1236,1236,MarcusPretzell,,,
1237,1237,1237,mostofiz,,,
1238,1238,1238,becker_horst,,,
1239,1239,1239,c_kampmann,,,
1240,1240,1240,petelkau,,,
1241,1241,1241,MOptendrenk,,,
1242,1242,1242,SusaSchneider,,,
1243,1243,1243,AndreaStullich,,,
1244,1244,1244,DietmarPanske,,,
1245,1245,1245,PeterBiesenbach,,,
1246,1246,1246,Chris_Rasche,,,
1247,1247,1247,philipp_fuer_DU,,,
1248,1248,1248,AndreasBeckerRE,,,
1249,1249,1249,santosherrmann,,,
1250,1250,1250,JosefinePaul,,,
1251,1251,1251,StefanZimkeit,,,
1252,1252,1252,sebwatermeier,,,
1253,1253,1253,norwichruesse,,,
1254,1254,1254,Alexbrockmeier,,,
1255,1255,1255,twittschler,,,
1256,1256,1256,JoachimStamp,,,
1257,1257,1257,JosefSPD,,,
1258,1258,1258,GregorGolland,,,
1259,1259,1259,Daniel_Sieveke,,,
1260,1260,1260,koppherr,,,
1261,1261,1261,alexander_vogt,,,
1262,1262,1262,GordanDudas,,,
1263,1263,1263,IbrahimYetim,,,
1264,1264,1264,voussem,,,
1265,1265,1265,Michael_Huebner,,,
1266,1266,1266,fortmeier2,,,
1267,1267,1267,Dennis_Maelzer,,,
1268,1268,1268,RainerDeppe,,,
1269,1269,1269,ABialas,,,
1270,1270,1270,Ruediger_Scholz,,,
1271,1271,1271,ingeblask,,,
1272,1272,1272,svenwolf,,,
1273,1273,1273,marc_herter,,,
1274,1274,1274,marcelhafke,,,
1275,1275,1275,lorenzdeutsch,,,
1276,1276,1276,HendrikSchmitz,,,
1277,1277,1277,MarcLuerbke,,,
1278,1278,1278,EWiRahe,,,
1279,1279,1279,marcovoge,,,
1280,1280,1280,st_kaemmerling,,,
1281,1281,1281,matthias1979,,,
1282,1282,1282,brockes,,,
1283,1283,1283,ChristianMangen,,,
1284,1284,1284,bodoloettgen,,,
1285,1285,1285,henninghoene,,,
1286,1286,1286,flobraun,,,
1287,1287,1287,frank_mueller,,,
1288,1288,1288,JoergGeerlings,,,
1289,1289,1289,Engstfelder,,,
1290,1290,1290,beerenstark,,,
1291,1291,1291,DietmarBell,,,
1292,1292,1292,Arndt_Klocke,,,
1293,1293,1293,joernfreynick,,,
1294,1294,1294,wibkegt,,,
1295,1295,1295,matthi_bolte,,,
1296,1296,1296,schaeffer_nrw,,,
1297,1297,1297,RainerMatheisen,,,
1298,1298,1298,jochenott,,,
1299,1299,1299,schneider_rene,,,
1300,1300,1300,LeifertBublies,,,
1301,1301,1301,SteinMdL,,,
1302,1302,1302,nico_steinbach,,,
1303,1303,1303,NinaKlinkel,,,
1304,1304,1304,JoachimPaul_AfD,,,
1305,1305,1305,dirk_herber,,,
1306,1306,1306,UweJunge,,,
1307,1307,1307,Jan_Bollinger,,,
1308,1308,1308,BernhardBraunLT,,,
1309,1309,1309,bettinabrueck,,,
1310,1310,1310,JohannesKlomann,,,
1311,1311,1311,SPD_AndreasRahm,,,
1312,1312,1312,MiWae21,,,
1313,1313,1313,AnklamTrapp,,,
1314,1314,1314,KazunguHass,,,
1315,1315,1315,J_Denninghoff,,,
1316,1316,1316,Damian_Lohr,,,
1317,1317,1317,AstridSchmitt59,,,
1318,1318,1318,Marcruland,,,
1319,1319,1319,JensGuth_SPD,,,
1320,1320,1320,GerdSchreiner,,,
1321,1321,1321,ElfriedeMeurer,,,
1322,1322,1322,HediThelen,,,
1323,1323,1323,GordonSchnieder,,,
1324,1324,1324,Beneoster,,,
1325,1325,1325,ma_schn,,,
1326,1326,1326,DtschInfo,,,
1327,1327,1327,Horstgies,,,
1328,1328,1328,Sabine_Baetzing,,,
1329,1329,1329,hendrikhering,,,
1330,1330,1330,ChBaldauf,,,
1331,1331,1331,MarcoWeberEifel,,,
1332,1332,1332,steven_wink,,,
1333,1333,1333,SvenLefkowitz,,,
1334,1334,1334,wolfschwarz,,,
1335,1335,1335,EllenDemuth,,,
1336,1336,1336,JJRauschkolb,,,
1337,1337,1337,katharina_binz,,,
1338,1338,1338,MichaelHuettner,,,
1339,1339,1339,HansJosefBracht,,,
1340,1340,1340,Gross_Jenny,,,
1341,1341,1341,MartinBrandl,,,
1342,1342,1342,MatthiasJoa_AfD,,,
1343,1343,1343,MartinHaller,,,
1344,1344,1344,TMachalet,,,
1345,1345,1345,PiaSchellhammer,,,
1346,1346,1346,hjnoss,,,
1347,1347,1347,SvenTeuber,,,
1348,1348,1348,daniel_koebler,,,
1349,1349,1349,Alex_Schweitzer,,,
1350,1350,1350,StefanPauluhn,,,
1351,1351,1351,lutzhecker_mdl,,,
1352,1352,1352,SarahGillen_MdL,,,
1353,1353,1353,DennisLander,,,
1354,1354,1354,reinerzimmerhsw,,,
1355,1355,1355,kurtz_hp,,,
1356,1356,1356,r_schaefer81,,,
1357,1357,1357,DIELINKEUMWELT,,,
1358,1358,1358,Juergen_Renner,,,
1359,1359,1359,RalfGeorgi,,,
1360,1360,1360,AnkeRehlinger,,,
1361,1361,1361,peter_strobel,,,
1362,1362,1362,Stephan_Toscani,,,
1363,1363,1363,MarcSpeicher,,,
1364,1364,1364,klausbouillon,,,
1365,1365,1365,alwintheobald,,,
1366,1366,1366,johann_sandra,,,
1367,1367,1367,TimoMildau,,,
1368,1368,1368,SaschaZehner,,,
1369,1369,1369,tobiashans,,,
1370,1370,1370,UlrichCommercon,,,
1371,1371,1371,Gemkow2020,,,
1372,1372,1372,BarthMdl,,,
1373,1373,1373,rolf_weigand,,,
1374,1374,1374,gorskih_anna,,,
1375,1375,1375,AfdDoreen,,,
1376,1376,1376,SebastianWippel,,,
1377,1377,1377,ToniMertsching,,,
1378,1378,1378,Gruen_WGuenther,,,
1379,1379,1379,SusiSchaper,,,
1380,1380,1380,AlexDierksMdL,,,
1381,1381,1381,jan_mdl,,,
1382,1382,1382,AndreWendtMdL,,,
1383,1383,1383,SvendKirmes,,,
1384,1384,1384,Joerg_UrbanAfD,,,
1385,1385,1385,RobertoKuhnert,,,
1386,1386,1386,JanHippold,,,
1387,1387,1387,lucies_ecke,,,
1388,1388,1388,Ka_Meier,,,
1389,1389,1389,ReneHein3,,,
1390,1390,1390,NicoBruenler,,,
1391,1391,1391,Andreas_Nowak14,,,
1392,1392,1392,SebastianGemkow,,,
1393,1393,1393,ricogebhardt,,,
1394,1394,1394,Marikat5,,,
1395,1395,1395,FranziskaOL,,,
1396,1396,1396,SoerenVoigt,,,
1397,1397,1397,LuiseNeuhaus,,,
1398,1398,1398,ChMelcher,,,
1399,1399,1399,AntjeFeiks,,,
1400,1400,1400,HolgerMannLE,,,
1401,1401,1401,Gerald130964,,,
1402,1402,1402,dirkpanter,,,
1403,1403,1403,MPKretschmer,,,
1404,1404,1404,Huetter_Carsten,,,
1405,1405,1405,ThomasLoeserDD,,,
1406,1406,1406,VZschocke,,,
1407,1407,1407,ClaudiaMaicher,,,
1408,1408,1408,Hoesl_MdL,,,
1409,1409,1409,HolgerGasse,,,
1410,1410,1410,luna_le,,,
1411,1411,1411,InesSpringer,,,
1412,1412,1412,IrisFirmenich,,,
1413,1413,1413,kerstinkoeditz,,,
1414,1414,1414,MeyerSt,,,
1415,1415,1415,schullegr,,,
1416,1416,1416,MartinDulig,,,
1417,1417,1417,HenningHomann,,,
1418,1418,1418,AlbrechtPallas,,,
1419,1419,1419,geertmackenroth,,,
1420,1420,1420,sabinefriedel,,,
1421,1421,1421,VaLippmann,,,
1422,1422,1422,gerbsen,,,
1423,1423,1423,BoehmeMarco,,,
1424,1424,1424,DetlefGurth,,,
1425,1425,1425,brakebusch1,,,
1426,1426,1426,HagenKohlMdL,,,
1427,1427,1427,afdgehlmann,,,
1428,1428,1428,MonikaHohmann,,,
1429,1429,1429,P_Plattform,,,
1430,1430,1430,O_KirchnerAfD,,,
1431,1431,1431,AndreasSchuman9,,,
1432,1432,1432,UlrichSiegmund,,,
1433,1433,1433,KerEisen,,,
1434,1434,1434,AfD_Lieschke,,,
1435,1435,1435,KatjaPaehle,,,
1436,1436,1436,VolkerOlenicak,,,
1437,1437,1437,Daniel_Roi_AfD,,,
1438,1438,1438,MatzeBuettner,,,
1439,1439,1439,spiegelbergafd,,,
1440,1440,1440,Borchert_CDU,,,
1441,1441,1441,Kristin_Heiss,,,
1442,1442,1442,jws_afd,,,
1443,1443,1443,BarthJuergen,,,
1444,1444,1444,PoggenburgAndre,,,
1445,1445,1445,katja_bahlmann,,,
1446,1446,1446,robert_farle,,,
1447,1447,1447,GuidoHeuer,,,
1448,1448,1448,DanielSzarata,,,
1449,1449,1449,CDU_Schroeder,,,
1450,1450,1450,DrAndrSchmidt,,,
1451,1451,1451,boenisch2012,,,
1452,1452,1452,Hobi99,,,
1453,1453,1453,HenrietteQuade,,,
1454,1454,1454,ThomasKeindorf,,,
1455,1455,1455,angelagorr,,,
1456,1456,1456,doro_frederking,,,
1457,1457,1457,WulfGallert,,,
1458,1458,1458,falkogrube,,,
1459,1459,1459,reinerhaseloff,,,
1460,1460,1460,SchulenburgCh,,,
1461,1461,1461,StefGeb,,,
1462,1462,1462,olaf_meister,,,
1463,1463,1463,MarcoTullner,,,
1464,1464,1464,Eva0112,,,
1465,1465,1465,AndreasSteppuhn,,,
1466,1466,1466,Connylue,,,
1467,1467,1467,ruedigererben,,,
1468,1468,1468,SwenKnoechel,,,
1469,1469,1469,ulithomas,,,
1470,1470,1470,HendrikLange,,,
1471,1471,1471,StriegSe,,,
1472,1472,1472,CCCfuerStormarn,,,
1473,1473,1473,BHerdejuergen,,,
1474,1474,1474,v_Wittgenstein,,,
1475,1475,1475,Joerg_Nobis_AfD,,,
1476,1476,1476,JetteWaldinger,,,
1477,1477,1477,ClausSchaffer,,,
1478,1478,1478,aminajxx,,,
1479,1479,1479,TobiasvdHeide,,,
1480,1480,1480,DABornhoeft,,,
1481,1481,1481,DGuenther_CDUSH,,,
1482,1482,1482,harms_lars,,,
1483,1483,1483,ThomasHoelck,,,
1484,1484,1484,L_Petersdotter,,,
1485,1485,1485,TobiasKoch,,,
1486,1486,1486,StefanWeberSE,,,
1487,1487,1487,oleplambeck,,,
1488,1488,1488,JoschkaKnuth,,,
1489,1489,1489,MarretGruen,,,
1490,1490,1490,VogelKai,,,
1491,1491,1491,anitaklahn,,,
1492,1492,1492,martinhabersaat,,,
1493,1493,1493,TobiasVonPein,,,
1494,1494,1494,Thomasrother,,,
1495,1495,1495,wolfgangbaasch,,,
1496,1496,1496,StephanHolowaty,,,
1497,1497,1497,AltJusoKai,,,
1498,1498,1498,c_vogt,,,
1499,1499,1499,Kumbartzky,,,
1500,1500,1500,LukasKilian,,,
1501,1501,1501,ekavonkalben,,,
1502,1502,1502,JanineMerz,,,
1503,1503,1503,LutzLiebscher,,,
1504,1504,1504,UThrum,,,
1505,1505,1505,ULukasch,,,
1506,1506,1506,PhilippWeltzien,,,
1507,1507,1507,NHoffmannAfDTh,,,
1508,1508,1508,BlechschmidtA,,,
1509,1509,1509,KnieseTosca,,,
1510,1510,1510,CorinnaHerold,,,
1511,1511,1511,raymond_walk,,,
1512,1512,1512,Rene_Aust,,,
1513,1513,1513,PatrickBeier93,,,
1514,1514,1514,TorstenWolf_MdL,,,
1515,1515,1515,Denny_Jankowski,,,
1516,1516,1516,torben_braga,,,
1517,1517,1517,laura_wahl_,,,
1518,1518,1518,BPfefferlein,,,
1519,1519,1519,MoellerAfD,,,
1520,1520,1520,BjoernHoecke,,,
1521,1521,1521,RalfKalich,,,
1522,1522,1522,Kati_Engel,,,
1523,1523,1523,Buehlandreas,,,
1524,1524,1524,henry_worm,,,
1525,1525,1525,KaufmannAfD,,,
1526,1526,1526,OMueller_Jena,,,
1527,1527,1527,dialehm,,,
1528,1528,1528,keineausrede,,,
1529,1529,1529,GruenerDirk,,,
1530,1530,1530,MikeMohring,,,
1531,1531,1531,Hummelshainer,,,
1532,1532,1532,TLTkeller,,,
1533,1533,1533,St_Dittes,,,
1534,1534,1534,gudrunlukin,,,
1535,1535,1535,ChristianSchaft,,,
1536,1536,1536,henfling_m,,,
1537,1537,1537,andy_links,,,
1538,1538,1538,SBilay,,,
1539,1539,1539,KarolaStange,,,
1540,1540,1540,Chr_Tischner,,,
1541,1541,1541,fbaumfdp,,,
1542,1542,1542,KatharinaKoenig,,,
1543,1543,1543,KKorschewsky,,,
1544,1544,1544,linkeanja,,,
1545,1545,1545,SusanneHennig,,,
1546,1546,1546,JonasUrbach,,,
1547,1547,1547,GottiSlow,,,
1548,1548,1548,Astrid_RB,,,
1549,1549,1549,KatjaMitteldorf,,,
1550,1550,1550,m_gleichmann,,,
1551,1551,1551,DirkBergner,,,
1552,1552,1552,marx2009,,,
1553,1553,1553,mariovoigt,,,
1554,1554,1554,demoe,,,
1555,1555,1555,KemmerichThL,,,
1556,1556,1556,bodoramelow,,,
1557,1557,1557,Gerold_Otten,,,
1558,1558,1558,Peter_Beyer,,,
1559,1559,1559,Schwarz_MdB,,,
1560,1560,1560,Bubendorferfdp,,,
1561,1561,1561,cjcronenberg,,,
1562,1562,1562,DjirSarai,,,
1563,1563,1563,FahimiYasmin,,,
1564,1564,1564,Dana_Guth_LKR,,,
1565,1565,1565,HilseMdb,,,
1566,1566,1566,DrHollnagel,,,
1567,1567,1567,KestnerJens,,,
1568,1568,1568,tietze_andreas,,,
1569,1569,1569,HeikeWernerTH,,,
1570,1570,1570,benniadjei,,,
1571,1571,1571,AnnaGallinaHH,,,
1572,1572,1572,TobiGotthardt,,,
1573,1573,1573,Ch_Haubrich,,,
1574,1574,1574,w_heubisch,,,
1575,1575,1575,AndreasKrahl1,,,
1576,1576,1576,Roland_Magerl,,,
1577,1577,1577,GeorgMaier8,,,
1578,1578,1578,FabianMehring,,,
1579,1579,1579,borispistorius,,,
1580,1580,1580,wolfgang_rose,,,
1581,1581,1581,SchuberlToni,,,
1582,1582,1582,AnjaSiegesmund,,,
1583,1583,1583,UlrikeSparr,,,
1584,1584,1584,spitzerfdp,,,
1585,1585,1585,SturmMdL,,,
1586,1586,1586,TabbertUrs,,,
1587,1587,1587,HeikeTaubert,,,
1588,1588,1588,WTiefensee,,,
1589,1589,1589,anjes_tjarks,,,
1590,1590,1590,AndreasWildAfD,,,
1591,1591,1591,EiblMdl,,,
1592,1592,1592,jorg_hansen,,,
1593,1593,1593,rolandweigert,,,
1594,1594,1594,mboerschel,,,
1595,1595,1595,alexanderkrauss,,,
1596,1596,1596,Helmut_Seifen,,,
1597,1597,1597,PetraTiemann,,,
1598,1598,1598,HeriFriedmann,,,
1599,1599,1599,loeffler_cdu,,,
1600,1600,1600,ksteinhuelbjoos,,,
1601,1601,1601,PeterSeimer,,,
1602,1602,1602,hjgossner_mdl,,,
1603,1603,1603,tok_tayfun,,,
1604,1604,1604,TobiasVogt,,,
1605,1605,1605,ralfnentwich,,,
1606,1606,1606,LindenschmidAfD,,,
1607,1607,1607,erwinkoehlermdl,,,
1608,1608,1608,cathie_kern_mdl,,,
1609,1609,1609,RubenRupp,,,
1610,1610,1610,AnsgarMayr,,,
1611,1611,1611,c_jung77,,,
1612,1612,1612,alenatrauschel,,,
1613,1613,1613,christianestaab,,,
1614,1614,1614,scuny,,,
1615,1615,1615,andrebaumann,,,
1616,1616,1616,_jproe,,,
1617,1617,1617,FHerkens,,,
1618,1618,1618,KatrinSchindele,,,
1619,1619,1619,BMettenleiter,,,
1620,1620,1620,FrankBonath,,,
1621,1621,1621,nikoreith,,,
1622,1622,1622,HansPeter_Storz,,,
1623,1623,1623,hoffmannspd,,,
1624,1624,1624,niklasnuessle,,,
1625,1625,1625,CindyHolmberg,,,
1626,1626,1626,ManuHailfinger,,,
1627,1627,1627,SteyerAfD,,,
1628,1628,1628,ledeabal,,,
1629,1629,1629,mjoukov,,,
1630,1630,1630,BechtAndy,,,
1631,1631,1631,alt_aber_gut,,,
1632,1632,1632,Ehmann_Fabian,,,
1633,1633,1633,pfernis,,,
1634,1634,1634,clemenshoch,,,
1635,1635,1635,MKropfreiter,,,
1636,1636,1636,smueller_1973,,,
1637,1637,1637,HeikeRaab,,,
1638,1638,1638,Schmitt_FDP,,,
1639,1639,1639,AnkeSimonLU,,,
1640,1640,1640,JoachimStreit,,,
1641,1641,1641,CBvHeusinger,,,
1642,1642,1642,GruenerWinkler,,,
1643,1643,1643,wolfgang_aldag,,,
1644,1644,1644,NicoleAngerMD,,,
1645,1645,1645,joerg_bern,,,
1646,1646,1646,SvenCzekalla,,,
1647,1647,1647,KGodenrath,,,
1648,1648,1648,AndreasHenke4,,,
1649,1649,1649,SandraHietel,,,
1650,1650,1650,LydiaHueskens,,,
1651,1651,1651,AnneKeding,,,
1652,1652,1652,JulianeKleemann,,,
1653,1653,1653,GKosmehl,,,
1654,1654,1654,KonstantinPott,,,
1655,1655,1655,raeuscher,,,
1656,1656,1656,richtair,,,
1657,1657,1657,RosomkiewiczMdL,,,
1658,1658,1658,StefanRulandBBG,,,
1659,1659,1659,JScharfenort,,,
1660,1660,1660,MScheffler_MK,,,
1661,1661,1661,Florian59528055,,,
1662,1662,1662,AndreasSilbers1,,,
1663,1663,1663,KuchSimon,,,
1664,1664,1664,KathrinTarrico1,,,
1665,1665,1665,MdlWald,,,
1666,1666,1666,Marget_Wendt,,,
1667,1667,1667,WillingmannA,,,
1668,1668,1668,LarsJoernZimmer,,,
1669,1669,1669,_sanaeabdi,,,
1670,1670,1670,Valentin_C_Abel,,,
1671,1671,1671,katjadler,,,
1672,1672,1672,s_aeffner,,,
1673,1673,1673,ali_aldailami,,,
1674,1674,1674,HalakMuhanad,,,
1675,1675,1675,DagmarAndres,,,
1676,1676,1676,arlt_johannes,,,
1677,1677,1677,AnAudretsch,,,
1678,1678,1678,maik_aussendorf,,,
1679,1679,1679,TBBacherle,,,
1680,1680,1680,baldy_daniel,,,
1681,1681,1681,fbanaszak,,,
1682,1682,1682,DrChristinaBaum,,,
1683,1683,1683,kathabeck,,,
1684,1684,1684,RogerBeckamp,,,
1685,1685,1685,olafinderbeek,,,
1686,1686,1686,JakobBla,,,
1687,1687,1687,IngoBodtke,,,
1688,1688,1688,Boginski_,,,
1689,1689,1689,Der_Starost,,,
1690,1690,1690,m_breilmann,,,
1691,1691,1691,YannickBury,,,
1692,1692,1692,karlbaer,,,
1693,1693,1693,isacademartori,,,
1694,1694,1694,juergencosse,,,
1695,1695,1695,MarioCzaja,,,
1696,1696,1696,HakanDemirNK,,,
1697,1697,1697,detzer_sandra,,,
1698,1698,1698,MDiedenhofen,,,
1699,1699,1699,JanUlrichDieren,,,
1700,1700,1700,ThomasDietz_MdB,,,
1701,1701,1701,DeborahDuering,,,
1702,1702,1702,Leckert_,,,
1703,1703,1703,sonjaeichwede,,,
1704,1704,1704,HERavensburg,,,
1705,1705,1705,robert_farle,,,
1706,1706,1706,fiedelseb,,,
1707,1707,1707,funke_fabian,,,
1708,1708,1708,max_fksr,,,
1709,1709,1709,schahinag,,,
1710,1710,1710,GansGruen,,,
1711,1711,1711,AG_AfD,,,
1712,1712,1712,GeisslerJonas,,,
1713,1713,1713,JN_Gesenhues,,,
1714,1714,1714,FabianGramling,,,
1715,1715,1715,inge_graessle,,,
1716,1716,1716,S_Gruetzmacher,,,
1717,1717,1717,goerke_c,,,
1718,1718,1718,SerapGueler,,,
1719,1719,1719,StHeck,,,
1720,1720,1720,FHeiligenstadt,,,
1721,1721,1721,linda_lobster,,,
1722,1722,1722,KathrinAnna,,,
1723,1723,1723,AnkeHennigSPD,,,
1724,1724,1724,SusanneHennig,,,
1725,1725,1725,JasminaHostert,,,
1726,1726,1726,verenahubertz,,,
1727,1727,1727,avjurisch,,,
1728,1728,1728,LamyaKaddor,,,
1729,1729,1729,Macit_SPD,,,
1730,1730,1730,CarlosKasperMdB,,,
1731,1731,1731,annakassautzki,,,
1732,1732,1732,MalteKaufmann,,,
1733,1733,1733,DrMKaufmann,,,
1734,1734,1734,MiKellner,,,
1735,1735,1735,Bina_Khan_,,,
1736,1736,1736,helmut_kleebank,,,
1737,1737,1737,Ottilie_Klein,,,
1738,1738,1738,AnniKlose,,,
1739,1739,1739,timkluessendorf,,,
1740,1740,1740,laura_kraft_,,,
1741,1741,1741,akk,,,
1742,1742,1742,krusehamburg,,,
1743,1743,1743,PhiKraemer,,,
1744,1744,1744,MartinKroeber,,,
1745,1745,1745,TKuban96,,,
1746,1746,1746,AnneKoenig_,,,
1747,1747,1747,KuehniKev,,,
1748,1748,1748,Ricarda_Lang,,,
1749,1749,1749,ThorstenLieb,,,
1750,1750,1750,anja_liebert,,,
1751,1751,1751,EsraLimbacher,,,
1752,1752,1752,Helge_Limburg,,,
1753,1753,1753,LFLindemann,,,
1754,1754,1754,denise_loop,,,
1755,1755,1755,max_lucks,,,
1756,1756,1756,TMachalet,,,
1757,1757,1757,EVMGreifswald,,,
1758,1758,1758,HolgerMannLE,,,
1759,1759,1759,El_KaWeh_,,,
1760,1760,1760,ParsaMarvi,,,
1761,1761,1761,f_mascheck,,,
1762,1762,1762,VMayer_Lay,,,
1763,1763,1763,Mehli,,,
1764,1764,1764,AnikoMerten,,,
1765,1765,1765,_FriedrichMerz,,,
1766,1766,1766,mesarosch,,,
1767,1767,1767,borismijatovic,,,
1768,1768,1768,MMoosdorf,,,
1769,1769,1769,maxmordhorst,,,
1770,1770,1770,FlorianMM,,,
1771,1771,1771,RegBerlin,,,
1772,1772,1772,SaschaMuller,,,
1773,1773,1773,Mi_Muentefering,,,
1774,1774,1774,SaraNanni,,,
1775,1775,1775,rasha_nasr_,,,
1776,1776,1776,OpheliaNick,,,
1777,1777,1777,BrianNickholz,,,
1778,1778,1778,lennardoehl,,,
1779,1779,1779,karo_otte,,,
1780,1780,1780,Dr_Pantazis,,,
1781,1781,1781,M_Papendieck,,,
1782,1782,1782,natalie_pawlik,,,
1783,1783,1783,PaulaPiechotta,,,
1784,1784,1784,docredder,,,
1785,1785,1785,HeidiReichinnek,,,
1786,1786,1786,YeOne_Rhie,,,
1787,1787,1787,SebRoloff,,,
1788,1788,1788,jethoru,,,
1789,1789,1789,TR_Bremen,,,
1790,1790,1790,sacher_mchl,,,
1791,1791,1791,CatarinaDosSa,,,
1792,1792,1792,ulle_schauws,,,
1793,1793,1793,kratermensch,,,
1794,1794,1794,AfDrus,,,
1795,1795,1795,jws_afd,,,
1796,1796,1796,DS_AfD,,,
1797,1797,1797,cj_schroeder,,,
1798,1798,1798,ria_schroeder,,,
1799,1799,1799,_anja_schulz,,,
1800,1800,1800,jamila_anna,,,
1801,1801,1801,sebastian_es_,,,
1802,1802,1802,lime_green_leni,,,
1803,1803,1803,StSeiter,,,
1804,1804,1804,Lina_Seitzl,,,
1805,1805,1805,Melis_S,,,
1806,1806,1806,nyke_slawik,,,
1807,1807,1807,spellerberg_m,,,
1808,1808,1808,ninastahr,,,
1809,1809,1809,till_steffen,,,
1810,1810,1810,jens_steiner,,,
1811,1811,1811,CvStetten,,,
1812,1812,1812,nadjasthamer,,,
1813,1813,1813,stuewer,,,
1814,1814,1814,jensteutrine,,,
1815,1815,1815,tippelt21,,,
1816,1816,1816,anja_troff,,,
1817,1817,1817,derya_tn,,,
1818,1818,1818,katrinuhligbn,,,
1819,1819,1819,VriesChristoph,,,
1820,1820,1820,WagenerNiklas,,,
1821,1821,1821,robinwagener,,,
1822,1822,1822,Krawallstein,,,
1823,1823,1823,CarmenWegge,,,
1824,1824,1824,SaskiaLeaRaquel,,,
1825,1825,1825,MariaLenaWeiss,,,
1826,1826,1826,StefWenzel,,,
1827,1827,1827,thereallenzii,,,
1828,1828,1828,TobiasWINKLER_,,,
1829,1829,1829,Janine_Wissler,,,
1830,1830,1830,MareikeWulf,,,
1831,1831,1831,NZippelius,,,
1832,1832,1832,GollalehA,,,
1833,1833,1833,sevimaydinAGH,,,
1834,1834,1834,tobiasbauschke,,,
1835,1835,1835,TubaBozkurt,,,
1836,1836,1836,ElkeBreitenbach,,,
1837,1837,1837,brunnersandra1,,,
1838,1838,1838,CEungeschminkt,,,
1839,1839,1839,ElifEralpBerlin,,,
1840,1840,1840,VasiFranco,,,
1841,1841,1841,FranziskaGiffey,,,
1842,1842,1842,grafwer,,,
1843,1843,1843,BaharHaghani,,,
1844,1844,1844,OdaHassepass,,,
1845,1845,1845,A_J_Herrmann,,,
1846,1846,1846,Marcel_Hopp,,,
1847,1847,1847,BMJotzo,,,
1848,1848,1848,_Alex_Berlin,,,
1849,1849,1849,SandraKhalatba1,,,
1850,1850,1850,der_neukoellner,,,
1851,1851,1851,JohKraft,,,
1852,1852,1852,louisvonkrueger,,,
1853,1853,1853,MKhnemann,,,
1854,1854,1854,KurtTaylanz,,,
1855,1855,1855,MaxLandero,,,
1856,1856,1856,klauslederer,,,
1857,1857,1857,SPD_Lehmann,,,
1858,1858,1858,dirk_liebe,,,
1859,1859,1859,Ta_matriarchat,,,
1860,1860,1860,stephanmachulik,,,
1861,1861,1861,LaaLeeLuuLaura,,,
1862,1862,1862,OmarJian,,,
1863,1863,1863,orkanoezdemir,,,
1864,1864,1864,CathPieroth,,,
1865,1865,1865,LarsRauchfu,,,
1866,1866,1866,prenzlix,,,
1867,1867,1867,romansen1337,,,
1868,1868,1868,KlaraSche,,,
1869,1869,1869,NiklasSchenker,,,
1870,1870,1870,MathiasSchulz,,,
1871,1871,1871,andreschulze_nk,,,
1872,1872,1872,jul_schwarze,,,
1873,1873,1873,SukaAferdita,,,
1874,1874,1874,DValgolio,,,
1875,1875,1875,Ch_Wapler,,,
1876,1876,1876,bjoernwohlert,,,
1877,1877,1877,CWolfBerlin,,,
1878,1878,1878,wolff_dunja,,,
1879,1879,1879,MarioCzaja,,,
1880,1880,1880,damm_hannes,,,
1881,1881,1881,Rene__Domke,,,
1882,1882,1882,EnseleitSabine,,,
1883,1883,1883,PetraFederau,,,
1884,1884,1884,BeatrixHegenkt2,,,
1885,1885,1885,HoffmeisterKaty,,,
1886,1886,1886,BettinaMartin4,,,
1887,1887,1887,meister_schafft,,,
1888,1888,1888,heikomirass,,,
1889,1889,1889,michael_noetzel,,,
1890,1890,1890,NorthoffRobert,,,
1891,1891,1891,mikmurl,,,
1892,1892,1892,SchmidtSchwerin,,,
1893,1893,1893,AfdJens,,,
1894,1894,1894,ManuelaSchwesig,,,
1895,1895,1895,anne_shepley,,,
1896,1896,1896,terpeundteam,,,
1897,1897,1897,BaalSandy,,,
1898,1898,1898,NBJule,,,
1899,1899,1899,ChWinter_MV,,,
1900,1900,1900,BriHasselmann,,,
1901,1901,1901,c_lindner,,,
1902,1902,1902,th_sattelberger,,,
1903,1903,1903,uhl_markus,,,
1904,1904,1904,SevimDagdelen,,,
1905,1905,1905,DoroBaer,,,
1906,1906,1906,EskenSaskia,,,
1907,1907,1907,RenateKuenast,,,
1908,1908,1908,nikolasloebel,,,
1909,1909,1909,julia_verlinden,,,
1910,1910,1910,HeikeBrehmerMdB,,,
1911,1911,1911,crueffer,,,
1912,1912,1912,GydeJ,,,
1913,1913,1913,MatthiasHoehn,,,
1914,1914,1914,MatthiasHoehn,,,
1915,1915,1915,felixschreiner,,,
1916,1916,1916,felixschreiner,,,
1917,1917,1917,larsklingbeil,,,
1918,1918,1918,anked,,,
1919,1919,1919,sven_giegold,,,
1920,1920,1920,Ralf_Stegner,,,
1921,1921,1921,Ralf_Stegner,,,
1922,1922,1922,tobiaszech,,,
1923,1923,1923,agnieszka_mdb,,,
1924,1924,1924,KonstantinNotz,,,
1925,1925,1925,axelgehrke,,,
1926,1926,1926,KatjaSuding,,,
1927,1927,1927,UliFreese,,,
1928,1928,1928,Doro_Martin,,,
1929,1929,1929,Doro_Martin,,,
1930,1930,1930,ZaklinNastic,,,
1931,1931,1931,mrosek1958,,,
1932,1932,1932,mrosek1958,,,
1933,1933,1933,katjakipping,,,
1934,1934,1934,JuliaKloeckner,,,
1935,1935,1935,JuliaKloeckner,,,
1936,1936,1936,kaiwegner,,,
1937,1937,1937,kaiwegner,,,
1938,1938,1938,katarinabarley,,,
1939,1939,1939,katarinabarley,,,
1940,1940,1940,Frohnmaier_AfD,,,
1941,1941,1941,ToniHofreiter,,,
1942,1942,1942,SaskiaLudwigCDU,,,
1943,1943,1943,SaskiaLudwigCDU,,,
1944,1944,1944,MdB_Lucassen,,,
1945,1945,1945,marcobuelow,,,
1946,1946,1946,lisapaus,,,
1947,1947,1947,MGrosseBroemer,,,
1948,1948,1948,UllmannMdB,,,
1949,1949,1949,c_jung77,,,
1950,1950,1950,MWBirkwald,,,
1951,1951,1951,ChristophGensch,,,
1952,1952,1952,EnricoKomning,,,
1953,1953,1953,EnricoKomning,,,
1954,1954,1954,HellmichMdB,,,
1955,1955,1955,Beatrix_vStorch,,,
1956,1956,1956,Birke_Bull,,,
1957,1957,1957,Birke_Bull,,,
1958,1958,1958,DirkWieseSPD,,,
1959,1959,1959,nicolabeerfdp,,,
1960,1960,1960,nicolabeerfdp,,,
1961,1961,1961,oezoguz,,,
1962,1962,1962,ArminLaschet,,,
1963,1963,1963,ArminLaschet,,,
1964,1964,1964,NilsSchmid,,,
1965,1965,1965,NilsSchmid,,,
1966,1966,1966,GottfriedCurio,,,
1967,1967,1967,GottfriedCurio,,,
1968,1968,1968,UliGroetsch,,,
1969,1969,1969,Buettner_SDL,,,
1970,1970,1970,Buettner_SDL,,,
1971,1971,1971,fdpbt,,,
1972,1972,1972,Frank_Magnitz,,,
1973,1973,1973,Frank_Magnitz,,,
1974,1974,1974,groehe,,,
1975,1975,1975,larspatrickberg,,,
1976,1976,1976,larspatrickberg,,,
1977,1977,1977,THeimatpartei,,,
1978,1978,1978,buendnis21,,,
1979,1979,1979,ParteiSgv,,,
1980,1980,1980,UnabhaengigeP,,,
1981,1981,1981,KlimalisteBW,,,
1982,1982,1982,diebasispartei,,,
1983,1983,1983,Wir2020Partei,,,
1984,1984,1984,partei_dkp,,,
1985,1985,1985,pdf_bund,,,
1986,1986,1986,VoltDeutschland,,,
1987,1987,1987,die_grauen,,,
1988,1988,1988,mlpdde,,,
1989,1989,1989,DieUrbane,,,
1990,1990,1990,brauchtbewegung,,,
1991,1991,1991,mehrForschung,,,
1992,1992,1992,bergpartei,,,
1993,1993,1993,_VPartei_,,,
1994,1994,1994,Graue_Panther_,,,
1995,1995,1995,LKR_Partei_Bund,,,
1996,1996,1996,Allianz_MTN,,,
1997,1997,1997,buendnisc,,,
1998,1998,1998,BVBFW,,,
1999,1999,1999,J_Todenhoefer,,,
2000,2000,2000,DieHumanisten,,,
2001,2001,2001,menschlichewelt,,,
2002,2002,2002,Tierschutzparte,,,
2003,2003,2003,FREIEWAEHLER_BV,,,
2004,2004,2004,SSWpresse,,,
2005,2005,2005,deukonservative,,,
2006,2006,2006,sozialliberale,,,
2007,2007,2007,npdde,,,
2008,2008,2008,KLHohenlohe,,,
2009,2009,2009,KatharinaKloke,,,
2010,2010,2010,SchickGerhard,,,
2011,2011,2011,ruppert_stefan,,,
2012,2012,2012,GruenKappler,,,
2013,2013,2013,RitaHaglKehl,,,
2014,2014,2014,uihnen,,,
2015,2015,2015,sigmargabriel,,,
2016,2016,2016,KerstinAndreae,,,
2017,2017,2017,LischkaB,,,
2018,2018,2018,BurkertMartin,,,
2019,2019,2019,EvaHoegl,,,
2020,2020,2020,UlrichKelber,,,
2021,2021,2021,jimmyschulz,,,
2022,2022,2022,FBsirske,,,
2023,2023,2023,HenningOtteMdB,,,
2024,2024,2024,TakisMehmetAli,,,
2025,2025,2025,TinaWinklmann,,,
2026,2026,2026,AnjaReinalter,,,
2027,2027,2027,BodeLuiza,,,
2028,2028,2028,JoachimWundrak,,,
2029,2029,2029,ElisabethWinke4,,,
2030,2030,2030,ZandaMartens,,,
2031,2031,2031,ingoschaeferspd,,,
2032,2032,2032,BHerrmann_,,,
2033,2033,2033,ArianeFaescher,,,
2034,2034,2034,CarstenKoerber,,,
2035,2035,2035,SimonaMdB,,,
2036,2036,2036,SimonaMdB,,,
2037,2037,2037,MarkusReichelDD,,,
2038,2038,2038,joergnurnberger,,,
2039,2039,2039,HierlSusanne,,,
2040,2040,2040,PhilippiSpd,,,
2041,2041,2041,JensPeick,,,
2042,2042,2042,HenningRehbaum,,,
2043,2043,2043,HenningRehbaum,,,
2044,2044,2044,BreherSilvia,,,
2045,2045,2045,EnglhardtKopf,,,
2046,2046,2046,NHeselhaus,,,
2047,2047,2047,BernhardDaldrup,,,
2048,2048,2048,Hannes_Gnauck,,,
2049,2049,2049,MdbMuller,,,
2050,2050,2050,BengtBergt,,,
2051,2051,2051,NAltenkamp,,,
2052,2052,2052,ArmandZorn,,,
2053,2053,2053,AloisRainer,,,
2054,2054,2054,stefan_seidler,,,
2055,2055,2055,m_schieder,,,
2056,2056,2056,RainerSemet,,,
2057,2057,2057,jessi_rosenthal,,,
2058,2058,2058,zoe_gruene,,,
2059,2059,2059,HarzerUlrike,,,
2060,2060,2060,SLahrkamp,,,
2061,2061,2061,ReemAlabali,,,
2062,2062,2062,ArminSchwarz,,,
2063,2063,2063,ArminSchwarz,,,
2064,2064,2064,BettinaLugk,,,
2065,2065,2065,Hoffmann_MdB,,,
2066,2066,2066,MdBMonstadt,,,
2067,2067,2067,AnnaLuehrmann,,,
2068,2068,2068,Kthrn_Mchl_SPD,,,
2069,2069,2069,kassem_ts,,,
2070,2070,2070,GuntherKrichba3,,,
2071,2071,2071,gadechens,,,
2072,2072,2072,SiemtjeMdB,,,
2073,2073,2073,FechnerJohannes,,,
2074,2074,2074,Mike_Moncsek,,,
2075,2075,2075,HanSteinmueller,,,
2076,2076,2076,SwantjeMichael1,,,
2077,2077,2077,AnneSpallek,,,
2078,2078,2078,moritz_oppelt,,,
2079,2079,2079,AwetTesfaiesus,,,
2080,2080,2080,JanPlobner,,,
2081,2081,2081,Chr_Sauter,,,
2082,2082,2082,J_Pahlke,,,
2083,2083,2083,emiliafester,,,
2084,2084,2084,alexmuellerfdp,,,
2085,2085,2085,HuberMdB,,,
2086,2086,2086,RainerKellerWES,,,
2087,2087,2087,FHoppermann,,,
2088,2088,2088,kristine_lutke,,,
2089,2089,2089,helferich_afd,,,
2090,2090,2090,Herbstbernd27,,,
2091,2091,2091,KlausWiener,,,
2092,2092,2092,Bruno_Hoenel,,,
2093,2093,2093,KayUweZiegler71,,,
2094,2094,2094,yooHannes,,,
2095,2095,2095,AtesGuerpinar,,,
2096,2096,2096,alexander_throm,,,
2097,2097,2097,christian_leye,,,
2098,2098,2098,chantal_kopf,,,
2099,2099,2099,philipphartewig,,,
2100,2100,2100,edgar_naujok,,,
2101,2101,2101,kersten68,,,
2102,2102,2102,HumpferMarkus,,,
2103,2103,2103,IsabelMackensen,,,
2104,2104,2104,ChristianHaase6,,,
2105,2105,2105,Kiessling_MdB,,,
2106,2106,2106,maxmoerseburg,,,
2107,2107,2107,edelhaeusser,,,
2108,2108,2108,ThomasHeilmann,,,
2109,2109,2109,janoschdahmen,,,
2110,2110,2110,herr_emmerich,,,
2111,2111,2111,stephanharbarth,,,
2112,2112,2112,Philipp_Amthor,,,
2113,2113,2113,AmbLindnerIndia,,,
2114,2114,2114,bildungsconsult,,,
2115,2115,2115,bildungsconsult,,,
2116,2116,2116,junomaerz,,,
2117,2117,2117,KlaerM,,,
2118,2118,2118,kliche_behnke,,,
2119,2119,2119,thekla_walker,,,
2120,2120,2120,RuedigerKlos,,,
2121,2121,2121,balzer_dr,,,
2122,2122,2122,SperlingSwantje,,,
2123,2123,2123,weinmann_nico,,,
2124,2124,2124,DanielBornMdL,,,
2125,2125,2125,patrickrappmdl,,,
2126,2126,2126,MackWinfried,,,
2127,2127,2127,Julia_Goll,,,
2128,2128,2128,NataliePfau1,,,
2129,2129,2129,ErnstKopp,,,
2130,2130,2130,jonasweber,,,
2131,2131,2131,elmarhayn,,,
2132,2132,2132,KWansner,,,
2133,2133,2133,AdrianGrasse,,,
2134,2134,2134,Fuer_immer_Juli,,,
2135,2135,2135,Foerster_Chris,,,
2136,2136,2136,AMohrenberg,,,
2137,2137,2137,Boris_Rhein,,,
2138,2138,2138,bijan_kberg,,,
2139,2139,2139,dirk_bamberger,,,
2140,2140,2140,HeidkampErich,,,
2141,2141,2141,stefan_naas_fdp,,,
2142,2142,2142,SauerSchardt,,,
2143,2143,2143,ManuelaStrube,,,
2144,2144,2144,TaylanBurcuMdL,,,
2145,2145,2145,MirjamschmidtM,,,
2146,2146,2146,PapstDippelAfD,,,
2147,2147,2147,AlexanderLorz_1,,,
2148,2148,2148,AlexanderLorz_1,,,
2149,2149,2149,NGersberg,,,
2150,2150,2150,WaschkeSabine,,,
2151,2151,2151,Scholz_AfD,,,
2152,2152,2152,katywalther1,,,
2153,2153,2153,EstherKalveram,,,
2154,2154,2154,Catou_,,,
2155,2155,2155,GundlackTilo,,,
2156,2156,2156,SebEhlers,,,
2157,2157,2157,thomasdiener,,,
2158,2158,2158,davidwulffmdl,,,
2159,2159,2159,Der_FrederiCo,,,
2160,2160,2160,Tamara__Mueller,,,
2161,2161,2161,Michael_Frisch_,,,
2162,2162,2162,KaWaechter,,,
2163,2163,2163,IrisNieland,,,
2164,2164,2164,cws_mainz,,,
2165,2165,2165,Doris_Ahnen,,,
2166,2166,2166,Helge_Schwab,,,
2167,2167,2167,MichaelSimonSPD,,,
2168,2168,2168,EndersDr,,,
2169,2169,2169,sippelheiko,,,
2170,2170,2170,MarcusKlein,,,
2171,2171,2171,johannhauserFDP,,,
2172,2172,2172,GrimmBenne,,,
2173,2173,2173,ElkeKuch,,,
2174,2174,2174,SusanSziborra,,,
2175,2175,2175,PraesidentLT_ST,,,
2176,2176,2176,Buchheim1,,,
2177,2177,2177,MichaScheffler,,,
2178,2178,2178,DirschauerC,,,
2179,2179,2179,CorneliaKlisch,,,
2180,2180,2180,c_herrgott,,,
2181,2181,2181,die_meissner,,,
2182,2182,2182,mdl_schubert,,,
2183,2183,2183,Cotta_AfD,,,
2184,2184,2184,maurer_katja,,,
2185,2185,2185,MaikKowalleck,,,
2186,2186,2186,RMMontag,,,
2187,2187,2187,lenaguengoer,,,
2188,2188,2188,UteBergner,,,
2189,2189,2189,rimuehl,,,
2190,2190,2190,OlafScholz,,,
2191,2191,2191,c_lindner,,,
2192,2192,2192,NancyFaeser,,,
2193,2193,2193,ABaerbock,,,
2194,2194,2194,MarcoBuschmann,,,
2195,2195,2195,hubertus_heil,,,
2196,2196,2196,cem_oezdemir,,,
2197,2197,2197,Karl_Lauterbach,,,
2198,2198,2198,Wissing,,,
2199,2199,2199,Wissing,,,
2200,2200,2200,SteffiLemke,,,
2201,2201,2201,starkwatzinger,,,
2202,2202,2202,SvenjaSchulze68,,,
2203,2203,2203,bodoramelow,,,
2204,2204,2204,WTiefensee,,,
2205,2205,2205,BenjaminHoff,,,
2206,2206,2206,HeikeTaubert,,,
2207,2207,2207,AnjaSiegesmund,,,
2208,2208,2208,GeorgMaier8,,,
2209,2209,2209,GruenerDirk,,,
2210,2210,2210,SuzaKarawanskij,,,
2211,2211,2211,HeikeWernerTH,,,
2212,2212,2212,HelmutHolter,,,
2213,2213,2213,MalteKrueckels,,,
2214,2214,2214,GoetzeUdo,,,
2215,2215,2215,CIO_Thueringen,,,
2216,2216,2216,FellerCarsten,,,
2217,2217,2217,valentinakerst,,,
2218,2218,2218,guterolaf,,,
2219,2219,2219,Torsten_Weil,,,
2220,2220,2220,die_linke_th,,,
2221,2221,2221,Linke_Thl,,,
2222,2222,2222,SPDThueringen,,,
2223,2223,2223,spdthl,,,
2224,2224,2224,gruenethl,,,
2225,2225,2225,Gruene_TH,,,
2226,2226,2226,cdu_thueringen,,,
2227,2227,2227,cdu_fraktion_th,,,
2228,2228,2228,AfD_Thueringen,,,
2229,2229,2229,fdp_thueringen,,,
2230,2230,2230,SozialesTH,,,
2231,2231,2231,UmweltTH,,,
2232,2232,2232,TMIKThueringen,,,
2233,2233,2233,TMIL_Thueringen,,,
2234,2234,2234,thueringende,,,
2235,2235,2235,FinanzenTH,,,
2236,2236,2236,tmwwdg,,,
2237,2237,2237,BildungTH,,,
2238,2238,2238,Markus_Soeder,,,
2239,2239,2239,fwhfreising,,,
2240,2240,2240,MelanieHuml,,,
2241,2241,2241,KS_MdL,,,
2242,2242,2242,MichaelPiazolo,,,
2243,2243,2243,HubertAiwanger,,,
2244,2244,2244,klausholetschek,,,
2245,2245,2245,gerlach_judith,,,
2246,2246,2246,rolandweigert,,,
2247,2247,2247,csu_lt,,,
2248,2248,2248,CSU,,,
2249,2249,2249,fw_bayern,,,
2250,2250,2250,Gruene_Bayern,,,
2251,2251,2251,GrueneLandtagBY,,,
2252,2252,2252,AfD_Bayern,,,
2253,2253,2253,AfD_Bayern_LT,,,
2254,2254,2254,BayernSPD,,,
2255,2255,2255,BayernSPD_Lndtg,,,
2256,2256,2256,fdpbay,,,
2257,2257,2257,fdpltby,,,
2258,2258,2258,BauenBewegen,,,
2259,2259,2259,BayStMI,,,
2260,2260,2260,KM_Bayern,,,
2261,2261,2261,Finanzen_Bayern,,,
2262,2262,2262,BayStMWi,,,
2263,2263,2263,STMUV_Bayern,,,
2264,2264,2264,StMGP_Bayern,,,
2265,2265,2265,FranziskaGiffey,,,
2266,2266,2266,Bettina_Jarasch,,,
2267,2267,2267,klauslederer,,,
2268,2268,2268,dpwes,,,
2269,2269,2269,IrisSpranger,,,
2270,2270,2270,katjakipping,,,
2271,2271,2271,RamonaPop,,,
2272,2272,2272,DilekKalayci22,,,
2273,2273,2273,ElkeBreitenbach,,,
2274,2274,2274,KLompscher,,,
2275,2275,2275,Dirk_Behrendt,,,
2276,2276,2276,RegineGuenther,,,
2277,2277,2277,BoehningB,,,
2278,2278,2278,cjgaebler,,,
2279,2279,2279,SteffenKrach,,,
2280,2280,2280,SawsanChebli,,,
2281,2281,2281,Mac_Frank,,,
2282,2282,2282,Crickerts,,,
2283,2283,2283,SabineSmentek,,,
2284,2284,2284,martinmatz,,,
2285,2285,2285,AndrejHolm,,,
2286,2286,2286,wenkexin,,,
2287,2287,2287,IngmarStreese,,,
2288,2288,2288,FischerSeverin,,,
2289,2289,2289,amtrasnea,,,
2290,2290,2290,Kam_Markus,,,
2291,2291,2291,aziz_b,,,
2292,2292,2292,wettafrosch,,,
2293,2293,2293,UelkerRadziwill,,,
2294,2294,2294,_MichaelBiel_,,,
2295,2295,2295,TinoSchopf,,,
2296,2296,2296,armaghipour,,,
2297,2297,2297,spdberlin,,,
2298,2298,2298,spdfraktionbln,,,
2299,2299,2299,gruene_berlin,,,
2300,2300,2300,GrueneFraktionB,,,
2301,2301,2301,dielinkeberlin,,,
2302,2302,2302,LinksfraktionB,,,
2303,2303,2303,AfDBerlin,,,
2304,2304,2304,cduberlin,,,
2305,2305,2305,CDUBerlin_AGH,,,
2306,2306,2306,fdp_berlin,,,
2307,2307,2307,FDPFraktionBLN,,,
2308,2308,2308,SenUMVKBerlin,,,
2309,2309,2309,SenBJF,,,
2310,2310,2310,senfin,,,
2311,2311,2311,Innensenatorin,,,
2312,2312,2312,SenKultEu,,,
2313,2313,2313,SenWiEnBe,,,
2314,2314,2314,SenSBW,,,
2315,2315,2315,SenIAS_Berlin,,,
2316,2316,2316,ManuelaSchwesig,,,
2317,2317,2317,SimoneOldenburg,,,
2318,2318,2318,BettinaMartin4,,,
2319,2319,2319,dr_geue,,,
2320,2320,2320,JacbeJacqueline,,,
2321,2321,2321,MathiasBrodkorb,,,
2322,2322,2322,Dahlemann,,,
2323,2323,2323,heikomirass,,,
2324,2324,2324,ju_name,,,
2325,2325,2325,FrStraetmanns,,,
2326,2326,2326,SPDMV,,,
2327,2327,2327,SPDLandtagMV,,,
2328,2328,2328,DIE_LINKE_MV,,,
2329,2329,2329,AfD_MV,,,
2330,2330,2330,CDUMV,,,
2331,2331,2331,cdufraktionmv,,,
2332,2332,2332,GRUENE_MV,,,
2333,2333,2333,GruenerLandtag,,,
2334,2334,2334,FDP_MV,,,
2335,2335,2335,bildung_mv,,,
2336,2336,2336,innen_mv,,,
2337,2337,2337,sozial_mv,,,
2338,2338,2338,Wissing,,,
2339,2339,2339,ulrikehoefken,,,
2340,2340,2340,Doris_Ahnen,,,
2341,2341,2341,katharina_binz,,,
2342,2342,2342,Schmitt_FDP,,,
2343,2343,2343,Alex_Schweitzer,,,
2344,2344,2344,clemenshoch,,,
2345,2345,2345,katrineder,,,
2346,2346,2346,HeikeRaab,,,
2347,2347,2347,StS_Griese,,,
2348,2348,2348,sweinberg,,,
2349,2349,2349,alt_aber_gut,,,
2350,2350,2350,pfernis,,,
2351,2351,2351,bettinabrueck,,,
2352,2352,2352,spdrlp,,,
2353,2353,2353,SPDFraktionRLP,,,
2354,2354,2354,gruene_rlp,,,
2355,2355,2355,GrueneLtRLP,,,
2356,2356,2356,fdprlp,,,
2357,2357,2357,FDPFraktionRLP,,,
2358,2358,2358,RLP_AfD,,,
2359,2359,2359,AfD_RLP,,,
2360,2360,2360,AfDFraktionRLP,,,
2361,2361,2361,cdurlp,,,
2362,2362,2362,CDUFraktionRLP,,,
2363,2363,2363,FREIEWAEHLERRLP,,,
2364,2364,2364,fw_rlp,,,
2365,2365,2365,rlpNews,,,
2366,2366,2366,innen_rlp,,,
2367,2367,2367,MWGRLP,,,
2368,2368,2368,FM_RLP,,,
2369,2369,2369,Soziales_RLP,,,
2370,2370,2370,Bildung_RLP,,,
2371,2371,2371,MWVLW_RLP,,,
2372,2372,2372,JM_RLP,,,
2373,2373,2373,UmweltRLP,,,
2374,2374,2374,Vielfalt_RLP,,,
2375,2375,2375,HendrikWuest,,,
2376,2376,2376,JoachimStamp,,,
2377,2377,2377,hreul,,,
2378,2378,2378,a_pinkwart,,,
2379,2379,2379,KalleLaumann,,,
2380,2380,2380,inascharrenbach,,,
2381,2381,2381,PeterBiesenbach,,,
2382,2382,2382,InaBrandes,,,
2383,2383,2383,HeinenUlla,,,
2384,2384,2384,SHolthoff,,,
2385,2385,2385,ch_dammermann,,,
2386,2386,2386,DirkGuennewig,,,
2387,2387,2387,markspeich,,,
2388,2388,2388,FDPFraktionNRW,,,
2389,2389,2389,fdp_nrw,,,
2390,2390,2390,CDUNRW_de,,,
2391,2391,2391,CDUNRW_Fraktion,,,
2392,2392,2392,IM_NRW,,,
2393,2393,2393,MAGS_NRW,,,
2394,2394,2394,NRW_in_Berlin,,,
2395,2395,2395,VerkehrNRW,,,
2396,2396,2396,JM_NRW,,,
2397,2397,2397,BildungslandNRW,,,
2398,2398,2398,ChancenNRW,,,
2399,2399,2399,UmweltNRW,,,
2400,2400,2400,Finanzmin_NRW,,,
2401,2401,2401,MKW_NRW,,,
2402,2402,2402,WirtschaftNRW,,,
2403,2403,2403,MHKBG_NRW,,,
2404,2404,2404,MBEI_NRW,,,
2405,2405,2405,landnrw,,,
2406,2406,2406,ENGAGIERTinNRW,,,
2407,2407,2407,AndreasBovensc1,,,
2408,2408,2408,cbernhard_HB,,,
2409,2409,2409,bogedan,,,
2410,2410,2410,AnjaStahmann,,,
2411,2411,2411,KristinaVogt_HB,,,
2412,2412,2412,HenningLuehr,,,
2413,2413,2413,MartinHagenHB,,,
2414,2414,2414,bull_olaf,,,
2415,2415,2415,JanStoess,,,
2416,2416,2416,stuehrenberg,,,
2417,2417,2417,sgfv_bremen,,,
2418,2418,2418,SKUMS_HB,,,
2419,2419,2419,SWAEBremen,,,
2420,2420,2420,SWH_HB,,,
2421,2421,2421,sjv_hb,,,
2422,2422,2422,RathausHB_news,,,
2423,2423,2423,SPDLandBremen,,,
2424,2424,2424,SPDFraktionHB,,,
2425,2425,2425,GrueneBremen,,,
2426,2426,2426,DieLinkeBremen,,,
2427,2427,2427,DGuenther_CDUSH,,,
2428,2428,2428,MonikaHeinold,,,
2429,2429,2429,Heiner_Garg,,,
2430,2430,2430,PrienKarin,,,
2431,2431,2431,JanAlbrecht,,,
2432,2432,2432,BerndBuchholz,,,
2433,2433,2433,SchroedterDirk,,,
2434,2434,2434,IngbertLiebing,,,
2435,2435,2435,SandraGerken9,,,
2436,2436,2436,UdoPhilipp,,,
2437,2437,2437,togoldschmidt,,,
2438,2438,2438,ThiloRohlfs,,,
2439,2439,2439,sozmiSH,,,
2440,2440,2440,Land_SH,,,
2441,2441,2441,Bildung_SH,,,
2442,2442,2442,melund_sh,,,
2443,2443,2443,Wirtschaftsland,,,
2444,2444,2444,ParlaNet,,,
2445,2445,2445,fimi_SH,,,
2446,2446,2446,FDP_SH,,,
2447,2447,2447,FDPFraktionSH,,,
2448,2448,2448,SH_CDU,,,
2449,2449,2449,Gruene_SH,,,
2450,2450,2450,reinerhaseloff,,,
2451,2451,2451,GrimmBenne,,,
2452,2452,2452,claudiadalbert,,,
2453,2453,2453,AnneKeding,,,
2454,2454,2454,CDU_Schroeder,,,
2455,2455,2455,WillingmannA,,,
2456,2456,2456,MSchneiderEPP,,,
2457,2457,2457,PraesidentLT_ST,,,
2458,2458,2458,Moebbeck,,,
2459,2459,2459,WillingmannA,,,
2460,2460,2460,WuenschThomas,,,
2461,2461,2461,KlausRehda,,,
2462,2462,2462,TamaraZieschang,,,
2463,2463,2463,LydiaHueskens,,,
2464,2464,2464,TamaraZieschang,,,
2465,2465,2465,schulzeeuropa,,,
2466,2466,2466,Eichner_St,,,
2467,2467,2467,svenmd,,,
2468,2468,2468,BuBernd,,,
2469,2469,2469,sachsenanhalt,,,
2470,2470,2470,Soziales_ST,,,
2471,2471,2471,MISachsenAnhalt,,,
2472,2472,2472,MWU_LSA,,,
2473,2473,2473,MBSachsenAnhalt,,,
2474,2474,2474,MWL_LSA,,,
2475,2475,2475,FDP_LSA,,,
2476,2476,2476,fdpfraktionlsa,,,
2477,2477,2477,cdulsa,,,
2478,2478,2478,cdufraktion_LSA,,,
2479,2479,2479,SPD_LSA,,,
2480,2480,2480,spd_lt_lsa,,,
2481,2481,2481,GRUENE_LSA,,,
2482,2482,2482,GrueneFrakLSA,,,
2483,2483,2483,OlafScholz,,,
2484,2484,2484,c_lindner,,,
2485,2485,2485,NancyFaeser,,,
2486,2486,2486,ABaerbock,,,
2487,2487,2487,MarcoBuschmann,,,
2488,2488,2488,hubertus_heil,,,
2489,2489,2489,cem_oezdemir,,,
2490,2490,2490,Karl_Lauterbach,,,
2491,2491,2491,Wissing,,,
2492,2492,2492,SteffiLemke,,,
2493,2493,2493,starkwatzinger,,,
2494,2494,2494,SvenjaSchulze68,,,
2495,2495,2495,klara_geywitz,,,
2496,2496,2496,W_Schmidt_,,,
2497,2497,2497,RyglewskiS,,,
2498,2498,2498,ReemAlabali,,,
2499,2499,2499,schneidercar,,,
2500,2500,2500,fbrantner,,,
2501,2501,2501,MiKellner,,,
2502,2502,2502,Oliver_Krischer,,,
2503,2503,2503,fdp_hessel,,,
2504,2504,2504,florian_toncar,,,
2505,2505,2505,oezdemir_spd,,,
2506,2506,2506,Johann_Saathoff,,,
2507,2507,2507,rischwasu,,,
2508,2508,2508,KatjaKeul,,,
2509,2509,2509,tobiaslindner,,,
2510,2510,2510,AnnaLuehrmann,,,
2511,2511,2511,bstrasser,,,
2512,2512,2512,KerstinGriese,,,
2513,2513,2513,AnetteKramme,,,
2514,2514,2514,ThomasHitschler,,,
2515,2515,2515,SiemtjeMdB,,,
2516,2516,2516,OpheliaNick,,,
2517,2517,2517,ManuelaRottman,,,
2518,2518,2518,ekindeligoez,,,
2519,2519,2519,svenlehmann,,,
2520,2520,2520,dittmarsabine,,,
2521,2521,2521,FrankeEdgar,,,
2522,2522,2522,DanielaKluckert,,,
2523,2523,2523,OlliLuksic,,,
2524,2524,2524,EUTheurer,,,
2525,2525,2525,bhoffmann_mdb,,,
2526,2526,2526,ChrisKuehn_mdb,,,
2527,2527,2527,JBrandenburgFDP,,,
2528,2528,2528,th_sattelberger,,,
2529,2529,2529,NielsAnnen,,,
2530,2530,2530,BaerbelKofler,,,
2531,2531,2531,soerenbartol,,,
2532,2532,2532,CanselK,,,
2533,2533,2533,CDUMerkel,,,
2534,2534,2534,HeikoMaas,,,
2535,2535,2535,peteraltmaier,,,
2536,2536,2536,katarinabarley,,,
2537,2537,2537,vonderleyen,,,
2538,2538,2538,akk,,,
2539,2539,2539,JuliaKloeckner,,,
2540,2540,2540,FranziskaGiffey,,,
2541,2541,2541,jensspahn,,,
2542,2542,2542,andreasscheuer,,,
2543,2543,2543,AnjaKarliczek,,,
2544,2544,2544,HBraun,,,
2545,2545,2545,AWidmannMauz,,,
2546,2546,2546,DoroBaer,,,
2547,2547,2547,guenterkrings,,,
2548,2548,2548,wanderwitz,,,
2549,2549,2549,VolkmarVogel,,,
2550,2550,2550,Mi_Muentefering,,,
2551,2551,2551,MiRo_SPD,,,
2552,2552,2552,Thomas_Bareiss,,,
2553,2553,2553,ChristianHirte,,,
2554,2554,2554,ElisabethWinke4,,,
2555,2555,2555,RitaHaglKehl,,,
2556,2556,2556,ChristianLange_,,,
2557,2557,2557,petertauber,,,
2558,2558,2558,SilberhornMdB,,,
2559,2559,2559,UweFe,,,
2560,2560,2560,thomasgebhart,,,
2561,2561,2561,SteffenBilger,,,
2562,2562,2562,FlorianPronold,,,
2563,2563,2563,meister_schafft,,,
2564,2564,2564,_ThomasRachel,,,
2565,2565,2565,BMG_Bund,,,
2566,2566,2566,BMI_Bund,,,
2567,2567,2567,BMBF_Bund,,,
2568,2568,2568,BMF_Bund,,,
2569,2569,2569,BMVg_Bundeswehr,,,
2570,2570,2570,IntegrationBund,,,
2571,2571,2571,RegSprecher,,,
2572,2572,2572,BMWSB_Bund,,,
2573,2573,2573,BundesKultur,,,
2574,2574,2574,BMAS_Bund,,,
2575,2575,2575,BMDV_bund,,,
2576,2576,2576,BMZ_Bund,,,
2577,2577,2577,bmel,,,
2578,2578,2578,BMUV,,,
2579,2579,2579,bmj_bund,,,
2580,2580,2580,BMFSFJ,,,
2581,2581,2581,AuswaertigesAmt,,,
2582,2582,2582,RegSprecherStS,,,
2583,2583,2583,csu_bt,,,
2584,2584,2584,cducsubt,,,
2585,2585,2585,spdbt,,,
2586,2586,2586,GrueneBundestag,,,
2587,2587,2587,MpStephanWeil,,,
2588,2588,2588,althusmann,,,
2589,2589,2589,borispistorius,,,
2590,2590,2590,Grafschafter1,,,
2591,2591,2591,Daniela_Behrens,,,
2592,2592,2592,GTonne,,,
2593,2593,2593,OlafLies,,,
2594,2594,2594,HeigerScholz,,,
2595,2595,2595,PrksenAnke,,,
2596,2596,2596,DigiSts,,,
2597,2597,2597,UNonnemacher,,,
2598,2598,2598,Hoffmann_Susann,,,
2599,2599,2599,langekatrin1,,,
2600,2600,2600,joergstb,,,
2601,2601,2601,BrittaErnst,,,
2602,2602,2602,Vogel_Axel,,,
2603,2603,2603,ManjaSchuele,,,
2604,2604,2604,RainerGenilke,,,
2605,2605,2605,bender_silvia,,,
2606,2606,2606,TobiasDuenow,,,
2607,2607,2607,MPKretschmer,,,
2608,2608,2608,Gruen_WGuenther,,,
2609,2609,2609,MartinDulig,,,
2610,2610,2610,Ka_Meier,,,
2611,2611,2611,Gemkow2020,,,
2612,2612,2612,Koepping,,,
2613,2613,2613,oliverdd,,,
2614,2614,2614,gerdlippold,,,
2615,2615,2615,MathiasWeilandt,,,
2616,2616,2616,GMrtens,,,
2617,2617,2617,keineEnte,,,
2618,2618,2618,dagmarneukirch,,,
2619,2619,2619,ConradClemens,,,
2620,2620,2620,TschenPe,,,
2621,2621,2621,fegebanks,,,
2622,2622,2622,AnnaGallinaHH,,,
2623,2623,2623,TiesRabe,,,
2624,2624,2624,CarstenBrosda,,,
2625,2625,2625,melanieleonhard,,,
2626,2626,2626,JensKerstan,,,
2627,2627,2627,anjes_tjarks,,,
2628,2628,2628,AndyGrote,,,
2629,2629,2629,ADressel,,,
2630,2630,2630,almutmoeller,,,
2631,2631,2631,PLotzkat,,,
2632,2632,2632,ARieckhof,,,
2633,2633,2633,Holsteinsport,,,
2634,2634,2634,lentz_bettina,,,
2635,2635,2635,tobiashans,,,
2636,2636,2636,AnkeRehlinger,,,
2637,2637,2637,klausbouillon,,,
2638,2638,2638,UlrichCommercon,,,
2639,2639,2639,ChristineClivot,,,
2640,2640,2640,henrikeitel,,,
2641,2641,2641,AWagnerScheid,,,
2642,2642,2642,SeelChristian,,,
2643,2643,2643,kolling_stephan,,,
2644,2644,2644,ChristineClivot,,,
2645,2645,2645,Sebastian_Thul,,,
2646,2646,2646,talwazir,,,
2647,2647,2647,LuciaPuttrich,,,
2648,2648,2648,peterbeuth,,,
2649,2649,2649,SchaeferHessen,,,
2650,2650,2650,M_Boddenberg,,,
2651,2651,2651,Angela_Dorn,,,
2652,2652,2652,StM_Klose,,,
2653,2653,2653,PriskaHinz,,,
2654,2654,2654,KSinemus,,,
2655,2655,2655,mattium,,,
2656,2656,2656,StHeck,,,
2657,2657,2657,AyseAsar4,,,
2658,2658,2658,BeatrixTappeser,,,
2659,2659,2659,oliverconz,,,
2660,2660,2660,PBurghardt,,,
2661,2661,2661,TheresiaBauer,,,
2662,2662,2662,mannelucha,,,
2663,2663,2663,guidowolfcdu,,,
2664,2664,2664,WinneHermann,,,
2665,2665,2665,gisela_erler,,,
2666,2666,2666,andrebaumann,,,
2667,2667,2667,MJaegerT,,,
2668,2668,2668,volkerschebesta,,,
2669,2669,2669,SchuetzKatrin,,,
2670,2670,2670,DerDanyal,,,
2671,2671,2671,thekla_walker,,,
2672,2672,2672,nicolerazavi,,,
2673,2673,2673,patrickrappmdl,,,
2674,2674,2674,SabineKurtzMdL,,,
2675,2675,2675,siegfriedlorek,,,
2676,2676,2676,ElkeZimmerMdLBW,,,
2677,2677,2677,alindlohr,,,
2678,2678,2678,cducsupm,,,
