,user
0,ManjaSchuele
1,TeamPetraPau
2,TeamDieSchmidt
3,BerndBuchholz
4,ingrid_remmers
5,reinhardbrandl
6,PeterbeyerCDU
7,schwarz_spd
8,UweFe
9,HiltrudLotze
10,BerndSiebert
11,WHellmich
12,AfDimBundestag
13,spdbt
14,cducsupm
15,spdbt_netz
16,cducsubt
17,Linksfraktion
18,prof_schmidtke
19,charlotte_mdb
20,GZickenheiner
21,juergen_martens
22,thorsten_frei
23,hohmannmdb
24,MPatzeltCDU
25,DagmarFreitag13
26,ElisabethMotsc1
27,MichaelHennric2
28,StegemannAlbert
29,gitta_connemann
30,ruetzelbernd
31,SusanneFerschl
32,MaagKarin
33,eckhardgnodtke
34,HoffmannForest
35,dheidenblut
36,AntjeTillmann
37,BerndWestphal4
38,ClaudiaMollMdB
39,nicole_ae_bauer
40,_ThomasRachel
41,wiebkeesdar1
42,n_roettgen
43,jessica_tatti
44,DaniLudwigMdB
45,MarjaVoellers
46,DrRobbySchlund
47,mseesternpauly
48,WolfgangWiehle
49,RenataAlt_MdB
50,BrittaDassler
51,HerbrandMarkus
52,MdBKlein
53,NicoleWestig
54,ulrichlechte
55,ManuelaRottman
56,theliberalfrank
57,aggelidis_g
58,_MartinNeumann
59,bhoffmann_mdb
60,GeroHocker
61,HJ_Mueller_AfD
62,JoernKoenigAfD
63,KatjaKeul
64,FrStraetmanns
65,k_willkomm
66,KirstenKappert
67,TillMansmann
68,Erhard_Grundl
69,JudithSkudelny
70,Jacobi_AfD
71,margit_stumpp
72,MdB_Schreiber
73,estherdilcher
74,KatjaMast
75,MBiadaczMdB
76,busen_mdb
77,G_UllrichFDP
78,Amira_M_Ali
79,MieruchMario
80,Schmidt_MdB
81,reuther_bernd
82,axel_knoerig
83,christophploss
84,mdb_freihold
85,reinholdmdb
86,ChrWirthMdB
87,Martin_Sichert
88,JuergenBraunAfD
89,HartmutEbbing
90,jensmaierafd
91,drfriesenmdb
92,Th_Seitz_AfD
93,SteffenKotre
94,andreasbleckmdb
95,Brehm_inNBGNord
96,koehler_fdp
97,DrMEspendiller
98,BrunnerGanzOhr
99,volker_munz
100,danywagner_da
101,SchaeferCDU
102,carina_konrad
103,Martin_Hess_AfD
104,SybilleBenning
105,CorinnaMiazga
106,NKleinwaechter
107,S_Muenzenmaier
108,mvabercron
109,Meyer_FDP
110,sandra_weeser
111,JBrandenburgFDP
112,GustavHerzogMdB
113,AchimKessler
114,UdoHemmelgarn
115,KlausMindrup
116,NinaScheer_SPD
117,h_weyel
118,Alice_Weidel
119,Rene_Springer
120,c_bernstiel
121,Oehmeulrich
122,VoepelDirk
123,WSchinnenburg
124,HoubenReinhard
125,katrin_staffler
126,hans_michelbach
127,ProfMaier
128,StephPilsinger
129,M_HarderKuehnel
130,JoanaCotar
131,DrJoeWeingarten
132,PetrBystronAfD
133,DirkSpaniel
134,DerDanyal
135,mischrodi
136,MarcBernhardAfD
137,Dr_Rainer_Kraft
138,BraFDP
139,mueller_sepp
140,Matthiasnoelke
141,AkbulutGokay
142,Tino_Chrupalla
143,GruebelMdb
144,StefanKeuterAfD
145,MuellerChemnitz
146,FGuentzler
147,Paul_Podolay
148,Neumann_AfD
149,LeniBreymaier
150,Leif_Erik_Holm
151,josip_juratovic
152,SabinePoschmann
153,Marcus_Buehl
154,MdB_Ulrike_Bahr
155,Schneider_AfD
156,Jochen_Haug
157,StBrandner
158,DrLaunert
159,StefingerMdB
160,RyglewskiS
161,DorisAchelwilm
162,dr_tiemann
163,HajdukBundestag
164,MichaelFrieser
165,ZdebelHubertus
166,Witt_Uwe
167,ElsnervonGronow
168,NorbertMuellerP
169,MichaelKuffer
170,jankortemdb
171,Marc_Jongen
172,stamm_fibich
173,KorkmazGT
174,YvonneMagwas
175,UdoSchiefner
176,thlutze
177,DerLenzMdB
178,CarstenTraeger
179,Toens_NRW04
180,vonGottberg_AfD
181,Jan_Nolte_AfD
182,WaldemarHerdt
183,Ulrich_Oehme
184,PeterFelser
185,matthiasbartke
186,AWidmannMauz
187,victorperli
188,stadler_svenja
189,Thomas_Ehrhorn
190,AndreasSteier
191,TorbjoernKartes
192,siegbert_droese
193,Heiko_Wildberg
194,MarkusPaschke
195,Nicole_Hoechst
196,MAStrackZi
197,BerndBaumannAfD
198,BerndBaumannAfD
199,michael_g_link
200,GabyKatzmarek
201,Peter_Stein_CDU
202,MarcusHeld_SPD
203,DeRidder_MdB
204,UllaJelpke
205,AlexanderRadwan
206,MichaelGrossAWO
207,fritzfelgentreu
208,NBaradari
209,cdu_schweiger
210,KoobMar
211,Lothar_Binding
212,Conni_Moehring
213,uwe_kamann
214,M_Reichardt_AfD
215,Renner_AfD
216,Huber_AfD
217,TobiasMPeterka
218,Kai_Whittaker
219,GerdesMdB
220,BetMueller
221,marianwendt
222,RonjaKemmer
223,muellerboehm
224,malsackwinkeman
225,OWvonHoltz
226,LehmannSpd
227,DietmarBartsch
228,MarkusTressel
229,TErndl
230,ABaerbockArchiv
231,thomas_jurk
232,Dr_Roy_Kuehne
233,dittmarsabine
234,HoldingEuropa
235,PeterHeidtFDP
236,AKulitz
237,Hansjoerg_Durz
238,annachristmann
239,michel_brandt_
240,HHirte
241,Frank_Pasemann
242,SusannRuethrich
243,AndreaLindholz
244,Kaiser_SPD
245,nord_th
246,AfDProtschka
247,Hermiworld
248,oezdemir_spd
249,joerg_cezanne
250,MarkHauptmann
251,jschraps
252,KirstenTackmann
253,Florian_Ossner
254,KayGottschalk1
255,AlexanderSNeu
256,MatthiasHauer
257,bela_bach
258,ChrisKuehn_mdb
259,Achim_P
260,s_schwartze
261,EUTheurer
262,KarstenMoering
263,ManderlaGisela
264,SylviaPantel
265,sebast_hartmann
266,berlinliebich
267,MetinHakverdi
268,arnoklare
269,JanMetzler
270,gabiweberspd
271,A_Gloeckner
272,MechthildHeil
273,StefanRouenhoff
274,GruenClaudia
275,WilfriedOellers
276,GregorGysi
277,MarcusWeinberg
278,ulschzi
279,NicoleGohlke
280,SylviaGabelmann
281,GtzFrmming
282,ullaihnen
283,FlorianPost
284,JanaSchimke
285,MatthiasGastel
286,SteffenSonja
287,HaraldWeinberg
288,JuttaKrellmann
289,LieblingXhain
290,MaikBeermann
291,MTodtenhausen
292,danielakolbe
293,Timon_Gremmels
294,FrankeEdgar
295,MargareteBause
296,KonstantinKuhle
297,kottinguhl
298,KLeikert
299,helgelindh
300,JensZSPD
301,StefanGelbhaar
302,ch_buchholz
303,DFoest
304,michael_thews
305,uweschummer
306,hahnflo
307,armin_schuster
308,JoWadephul
309,UlliNissen
310,PSchnieder
311,PeterAumer
312,HeikeHaensel
313,KarambaDiaby
314,pascalmeiser
315,GaHeinrich
316,Petra_Sitte_MdB
317,ThomasHitschler
318,PaulZiemiak
319,R_Hartwig_AfD
320,badulrichmartha
321,SteinekeCDU
322,SabineLeidig
323,Andi_Wagner
324,KaczmarekOliver
325,Katrin_Werner
326,filizgreen
327,BaerbelKofler
328,jensbeeck
329,SBarrientosK
330,Pohl_MdB
331,LindaTeuteberg
332,Axel_Fischer
333,Johann_Saathoff
334,MatthiasHeider
335,markuskurthmdb
336,Lambsdorff
337,JensKoeppen
338,HESommer
339,IreneMihalic
340,lgbeutin
341,anjaweisgerber
342,HildeMattheis
343,NiemaMovassat
344,TinoSorge
345,KaiGehring
346,fdp_hessel
347,UteVogt
348,stephankuehn
349,PeterBoehringer
350,schneidercar
351,dieschmidt
352,BjoernSimon
353,michaelleutert
354,hacker_fdp
355,Oliver_Krischer
356,AndrejHunko
357,JoSteiniger
358,FalkoMohrs
359,jungeinberlin
360,StephanThomae
361,LINKEPELLI
362,MartinaRenner
363,UlrichLange
364,KarinStrenz
365,ninawarken
366,CPetryMdB
367,Manfredbehrens
368,monikalazar
369,olavgutting
370,soerenbartol
371,PeterWeissMdB
372,CarstenMuellers
373,GrueneBeate
374,TabeaRoessner
375,matthiaszimmer
376,ebner_sha
377,DJanecek
378,StefanKaufmann
379,DrAndreasNick
380,beatewaro
381,stonie_kiel
382,UweKekeritz
383,MartinRabanus
384,MarcHenrichmann
385,Ingrid_Nestle
386,FrankHeinrich
387,PatrickSensburg
388,RKiesewetter
389,NadineSchoen
390,TSchipanski
391,edrossmann
392,rbrinkhaus
393,MechthildRawert
394,tj_tweets
395,SoenkeRix
396,Erwin_Rueddel
397,VolkmarKlein
398,fbrantner
399,Andreas_Rimkus
400,FrankSchwabe
401,bstrasser
402,MartinRosemann
403,VolkerUllrich
404,DanielaKluckert
405,josefoster
406,franksitta
407,franksteffel
408,cad59
409,LoetzschMdB
410,AMattfeldt
411,Ingmar_Jung
412,CanselK
413,JM_Luczak
414,MarcusFaber
415,ekindeligoez
416,josephineortleb
417,voglerk
418,KatrinHelling
419,tobiaslindner
420,OlliLuksic
421,Diether_Dehm
422,RuedigerKruse
423,W_SK
424,gero_storjohann
425,PascalKober
426,katjadoerner
427,baerbelbas
428,matschie
429,Uwe_Schulz_AfD
430,rainerspiering
431,f_schaeffler
432,DennisRohde
433,MariaKlSchmeink
434,Otto_Fricke
435,smuellermdb
436,ManuelSarrazin
437,K_SA
438,torstenherbst
439,christianduerr
440,ManuelHoeferlin
441,larscastellucci
442,florian_toncar
443,sven_kindler
444,svenlehmann
445,tpflueger
446,solms
447,katdro
448,johannesvogel
449,FabioDeMasi
450,SilberhornMdB
451,AdlerGunther
452,Thomas_Bareiss
453,AnjaKarliczek
454,AnetteKramme
455,MiRo_SPD
456,JochenFlasbarth
457,guenterkrings
458,ChristianLange_
459,fuchtel
460,zierke
461,thomasgebhart
462,rischwasu
463,NielsAnnen
464,KerstinGriese
465,ChristianHirte
466,meister_schafft
467,SteffenBilger
468,HBraun
469,wanderwitz
470,ChristlichMitte
471,BB_PRONRW
472,AfD
473,Bue_So
474,oedp_de
475,DiePARTEI
476,Bayernpartei
477,dieLinke
478,republikaner
479,Familienpartei
480,fdp
481,gleichheit
482,spdde
483,CSU
484,CDU
485,SPDEuropa
486,Die_Gruenen
487,Piratenpartei
488,Schuster_MdEP
489,BuchheitMarkus
490,Andi_Glueck
491,HerbstNiclas
492,MariaNoichl
493,BuschmannMartin
494,AlexandraGeese
495,echo_pbreyer
496,Joachim_Kuhs
497,EnginEroglu_FW
498,RadtkeMdEP
499,AndersonAfDMdEP
500,RomeoFranz1
501,gunnar_beck
502,egebhardtMdEP
503,anna_cavazzini
504,d_boeselager
505,HNeumannMEP
506,AnnaDeparnay
507,GuidoReil
508,Nicolaus_Fest
509,Joerg_Meuthen
510,gabischoff
511,martina_michels
512,peter_jahr
513,markuspieperMEP
514,MHohlmeier
515,sabineverheyen
516,UdoBullmann
517,HelmutScholzMEP
518,hildebentele
519,ConstanzeKrehl
520,schulzeeuropa
521,Dr_KlausBuchner
522,MarkusFerber
523,henrikehahn
524,BirgitSippelMEP
525,ErnstCornelia
526,KrahMax
527,delarabur
528,svenja_hahn
529,k_langensiepen
530,ANiebler
531,schirdewan
532,UliMuellerMdEP
533,IsmailErtug
534,MarionWalsmann
535,TerryReintke
536,SLagodinsky
537,JuttaPaulusRLP
538,OezlemADemirel
539,jcoetjen
540,daniel_freund
541,AxelVossMdEP
542,nicosemsrott
543,Brger100
544,ErikMarquardt
545,nnienass
546,michaelgahler
547,MartinHaeusling
548,ChSchneider
549,DrStefanBerger
550,peterliese
551,EuropaJens
552,Andreas_Schwab
553,ViolavonCramon
554,moritzkoerner
555,MartinSonneborn
556,ManfredWeber
557,micha_bloss
558,svensimon
559,woelken
560,Doleschal
561,caspary
562,berndlange
563,RasmusAndresen
564,SkaKeller
565,b_riexinger
566,GoeringEckardt
567,PetraPauMaHe
568,JTrittin
569,peteraltmaier
570,jensspahn
571,ThomasOppermann
572,ernst_klaus
573,andreasscheuer
574,SWagenknecht
575,juergenhardt
576,petertauber
577,CarenLay
578,bueti
579,FlorianPronold
580,MartinSchulz
581,davidmcallister
582,nouripour
583,DorisSenger_MdL
584,nicolasfink_mdl
585,SabineKurtzMdL
586,volkerschebesta
587,berndgoegelafd
588,AntonBaronAfD
589,wolfgang_gedeon
590,DrChristinaBaum
591,CarolaWolle
592,kleinboeck_mdl
593,RollandGabi
594,DanielKarrais
595,HPStauch
596,HagelManuel
597,ElkeZimmerMdLBW
598,profdrgoll
599,reich_gutjahr
600,FabianGramling
601,udostein_mdl
602,StochAndreas
603,stefanfulstblei
604,Martin_Hahn_MdL
605,schuetteMdL
606,USckerl
607,nicolerazavi
608,TheresiaBauer
609,NeseErikli
610,allworldisgreen
611,DrFiechtner
612,SabineWoelfle
613,KlausHoher
614,salomon_alex
615,karlkleinmdl
616,mannelucha
617,jochenhaussmann
618,trenker75
619,Muhterem_Aras
620,saschabinder
621,timmkern
622,siegfriedlorek
623,gruen_kern
624,brigitte_loesch
625,martinrivoir
626,JoshaFrey
627,ErikSchweickert
628,alindlohr
629,WinneHermann
630,ruelke
631,reinholdgall
632,IngoHahnAfD
633,GabrieleTriebel
634,AndyWinhart
635,FBergmuellerMdL
636,gerlach_judith
637,dr_afd
638,KoehlerClaudia7
639,FloSiekmann
640,Doris_Rauscher
641,MargitWild
642,HiersemannAlexa
643,GerdMannesAfD
644,TobiasReissMdL
645,ursula_sowa
646,BarbaraRegitz
647,fw_hold
648,andkrahl
649,HorstArnold_SPD
650,brannekamper
651,CHierneis
652,BeateMerk1
653,_MartinHagen
654,Johannes_Becher
655,StrohmayrS
656,SteinbergerRosi
657,RuthMuellerSPD
658,ThorstenGlauber
659,schmid1_j
660,JuergenMistol
661,Thomas_Gehring_
662,KEbnerSteiner
663,HubertAiwanger
664,WBausback
665,NataschaKohnen
666,HolgerDremel
667,m_rinderspacher
668,IlseAigner
669,RichardGraupner
670,MdL_KSteiner
671,TSchorerDremel
672,MichaelPiazolo
673,FlorianStreibl
674,ChristianFlisek
675,KS_MdL
676,KerstinCelina
677,der_buechler
678,EricBeisswenger
679,HauberHauwei
680,GiselaSengl
681,EvaLettenbauer
682,GeraldPittner
683,MelanieHuml
684,GulserenDemirel
685,BozogluCemal
686,JoachimHanisch
687,BertholdRueth
688,arif_tasdelen
689,MarkusBlume
690,JulikaSandt
691,Markus_Soeder
692,Andreas_Schalk
693,WTaubeneder
694,Christian20er
695,gudrunbrendelf
696,KarlFreller
697,MaxDeisenhofer
698,DorowAlex
699,MMFischbach
700,PeterTomaschko
701,HepMonatzeder
702,Hintersberger
703,LudwigHartmann
704,KohlerJochen
705,FlorianvonBrunn
706,Marcel_Huber
707,StoettnerK
708,DuenkelNorbert
709,AnFRanke
710,KathaSchulze
711,MatthiasND
712,powerkroete
713,BMiskowitsch
714,KlausAdelt
715,MichaelCBusch
716,Weidenbusch_E
717,mstuempfig
718,FRANKENSPRECHER
719,Ch_Skutella
720,heubisch
721,sannekurz
722,Osgyan
723,GuttenbergerMdL
724,S_Koerber_MdL
725,huber_ebe
726,GansGruen
727,fwhfreising
728,Gertinger
729,presse_mdlkarl
730,PatrickFriedl
731,DuinBayern
732,Roter_Ritter
733,f_leschewitz
734,AWieberneit
735,StandfuStephan
736,FrankZ_MdA
737,TorstenHoferSPD
738,IrisSpranger
739,franzkerker
740,BuchholzMda
741,TinoSchopf
742,HansJoachimBerg
743,HaraldWolf20
744,herbert_mohr
745,RaedSalehBerlin
746,DieterNeuendorf
747,boeckermda
748,tommytabor
749,gaby_gottwald
750,graf_berlin
751,SibylleMeister
752,ThomasSeerig
753,F_Brychcy
754,JeanetteAuricht
755,MaikPenn
756,Pankow_im_AGH
757,ChGraeff
758,hanno_bachmann
759,st_foerster
760,topac_fatos
761,FlorianSwyter
762,GoinyChristian
763,michaeldietmann
764,UbbelohdeBerlin
765,Bettina_Jarasch
766,ineslinks
767,AfDLindemann
768,haraldlaatsch
769,nelken_berlin
770,jj_schube
771,die_gennburg
772,Georg_Pazderski
773,regina_kittler
774,SebCzaja
775,vandrey_petra
776,frank_jahnke
777,Caglar_Derya_
778,s_kahlefeld
779,FrankHansel
780,BerlinGestalter
781,TomSchreiberMdA
782,UdoWolfAlpin
783,k_ronneburg
784,dmanuelaschmidt
785,danielabillig
786,WeissAfD
787,otto_direkt
788,LasicMaja
789,Fcm_BeckerSPD
790,UelkerRadziwill
791,FrankScholtysek
792,Thomas_Isenberg
793,RamonaPop
794,Kristin_Brinker
795,RobertSchaddach
796,StefRemlinger
797,MVallendar
798,HughBronson_AfD
799,Harald_Moritz
800,MarenJasper
801,DirkStettner
802,EvaMariePlonske
803,NotkerBerlin
804,CorneliaSeibeld
805,DrTurgutAltug
806,nikschrader
807,FDoerstelmann
808,StSchmidtBerlin
809,BurkertEulitz
810,stefanie_fuchs
811,FScheermesser
812,dpwes
813,CzyIna
814,TimZeelen
815,HakanTasBerlin
816,torschber
817,KohlmeierSPD
818,Antje_Kapek
819,MichaelEfler
820,AnjaKofbinger
821,s_k_walter
822,BuBernd
823,StefanTaschner
824,SabineBangert
825,Katina_Schubert
826,Dennis_Buchner
827,KatrinVogel
828,dannyfreymark
829,burkarddregger
830,SeeroiberJenny
831,DilekKalayci22
832,BertramPH
833,HolgerKrestel
834,LudwigNicole
835,Wollihood
836,Stroedter
837,Tobias_Schulze
838,schatzbln
839,PaulFresdorf
840,GYGeorg
841,schluesselburg
842,ronaldglaeser
843,HendrikjeKlein
844,hennerschmidt
845,langenbrinck
846,stefanziller
847,kaddinsky
848,HeikoMelzer
849,chhoch
850,bene_lux
851,SilkeGebel
852,CKniestedt
853,DannyEichelbaum
854,MarlenBlock
855,Isa_Hiekel
856,IsabelleVandre
857,MarieSchaeff
858,KubitzkiSteffen
859,KotreLena
860,DieDannenberg
861,Dennis_Hohloch
862,schaller_wk32
863,HCBerndt
864,ErikStohn
865,BettinaFortuna1
866,PoschmannKatja
867,KathleenMuxel
868,AndreasKalbitz
869,PetraBudke
870,RoickWolfgang
871,JanRedmannWk
872,Wilko_Moeller
873,SabineBarthel1
874,PeterDrenske
875,RicardaBudke
876,steffenjohn9
877,d_lutzow
878,langekatrin1
879,brichstein1
880,Galau_MdL
881,BommertF
882,WieseFranz
883,BirgitBessin
884,dunkelrotseher
885,Chr_Goerke
886,HeinerOburg
887,MStefke
888,schierack_cdu
889,sahra_damus
890,Julian_Bruening
891,BuettnerAndreas
892,BLakenmacher
893,KristyAugustin
894,gordonhoffmann
895,vongizycki
896,Huenich
897,InkaGoRe
898,DEZi_Brb
899,walter_linke
900,Ben_Raschke
901,Clemens_Rostock
902,carstensieling
903,SigridGronert
904,YAverwerser
905,MazlumKoc10
906,TR_Bremen
907,EvaQuanteBrandt
908,falkinjo_hb
909,UFelgentrager
910,Mark_Runge_AfD
911,PorschkeThomas
912,YaziciMdbb
913,HeikoStrohmann
914,BenschRainer
915,guenther_flissi
916,luebkemarco
917,MullerHenrike
918,TRaschen
919,Mazlum21752231
920,bjoernfecker
921,JaninaStrelow
922,SaxeRalph
923,PhBruck
924,GrobienSusanne
925,miriamstrunge
926,SofiaLeonidakis
927,ArnoGottschalk
928,jenseckhoff
929,mauricebmueller
930,a_grotheer
931,holgerwelt
932,NelsonJanssen
933,ChristophWeiss3
934,mustihb
935,HaukeHilz
936,chrisschnittker
937,HBodeit
938,MichaelKellerHB
939,claasrohmeyer
940,GonulBredehorst
941,MartinGuenthner
942,KaiWargalla
943,BettinaHornhues
944,Bolayela
945,SandraAhrens
946,JanTimke
947,MustafaGuengoer
948,k_lenkeit
949,Magnus_Buhlert
950,InsaTietjen
951,dielinke_rose
952,SarahTimmann
953,BHerrmannHH
954,PSturzenbecher
955,AnkeFrieling
956,AlskeFreter
957,DavidErkalp
958,MarcSchemmel
959,Mary_Blumenthal
960,MiriamPutz
961,KappeSandro
962,OlgaPetersenAfD
963,juliabarth_hh
964,ZMojadeddi
965,ADressel
966,ralfneubauerhh
967,gruenpfleger
968,melanieleonhard
969,GngrYilmaz6
970,mibloq
971,ivymaymueller
972,JanKoltze
973,CarstenBrosda
974,DavidStoopHH
975,jenny_jasberg
976,SinaDemirhan
977,moeller_metzger
978,Rekonstrukteur
979,JuTiHH
980,rosadomm_
981,GrueneLisa
982,SoeSchu
983,s_boeddinghaus
984,SilkeSeif
985,MehmetYildiz_HH
986,stoberock
987,filizdemi
988,feb63640e151433
989,ThiloKleibauer
990,Czech_MdHB
991,JensKerstan
992,GSchittek
993,AstridHennies
994,anunnehh
995,TschenPe
996,pochnicht
997,BarisOenes
998,HeikeSudmann
999,YusufUzundag
1000,StephanGamm
1001,AnnaVTreuenfels
1002,till_steffen
1003,MartinaKoeppen1
1004,DenizCelikhh
1005,Pausti1980
1006,CansuOezdemir
1007,KazimAbaci
1008,iftikharDE
1009,AKammeyer
1010,dkienscherf
1011,LisaMariaOtte
1012,lenazagst
1013,Michael21109
1014,sventode
1015,mareikeengels
1016,DennisThering
1017,drmpetersen
1018,frank_schmitt
1019,uwelohmann
1020,gdobusch
1021,otbhh
1022,StephanJersch
1023,arneplatzbecker
1024,fegebanks
1025,caro3009
1026,platz13
1027,ilkhanipour
1028,DennisGladiator
1029,carola_veit
1030,FaridMueller
1031,hschmidt
1032,MoritzPromny
1033,KBolldorf
1034,yankiffm
1035,SchulzAfD
1036,JSchalauske
1037,holger_bellino
1038,ArnoEnnersAfD
1039,karinmuellermdl
1040,knutjohn_spd
1041,M_Boddenberg
1042,markushofmann_1
1043,stefannaas_fdp
1044,Elisabeth_Kula
1045,ElkeBarth_MdL
1046,Ma_Pentz
1047,RavensburgC
1048,BauerMdL
1049,VohlBernd
1050,Rainer_Rahn
1051,Robert_Lambrou
1052,andreaslichert
1053,vangronma
1054,utter_tobias
1055,fra_schmidt
1056,grudolph_
1057,SchaeferHessen
1058,f_diefenbach
1059,schleenbecker
1060,TobiasEckertSPD
1061,rock_fdp
1062,FexMartin
1063,LukasSchauder
1064,MMeysner
1065,talwazir
1066,HildeFoerster
1067,hofmann_heike
1068,AstridWallmann
1069,kathrin_anders
1070,ChristophDegen
1071,UAlexMdL
1072,Heinz_Lotz
1073,GruegerS
1074,FPKaufmann
1075,kerstin_geis
1076,ines_claus
1077,JFroemmrich
1078,maxschad
1079,MFeldmayer
1080,BchleS
1081,Ismailtipi
1082,joerguwehahn
1083,heschaus
1084,WiebkeFDP
1085,miriam_dahlke
1086,marcusbocklet
1087,TorstenFelsteha
1088,hartmuthonka
1089,Janine_Wissler
1090,torleveringhaus
1091,fdp_mueller
1092,LenaArnoldt
1093,daniel_may_kb
1094,PriskaHinz
1095,mariusweiss
1096,HeideDIELINKE
1097,peterbeuth
1098,KayaKinkel
1099,andihofmeister
1100,NinaEisenhardt
1101,LuciaPuttrich
1102,ChristianeBoehm
1103,MathiasWagner
1104,OStirboeck
1105,Kai_Klose
1106,Angela_Dorn
1107,MichaelRuhl
1108,ACvA_MdL
1109,petrimv
1110,JHSchneiderMdL
1111,WeberProf
1112,JulianBarlen
1113,JacbeJacqueline
1114,MdLFernandes
1115,eva_kroeger
1116,SimoneOldenburg
1117,StephanReuken
1118,ManfredDachner
1119,larisch_karen
1120,ralfmucha
1121,WildtBernhard
1122,TWuerdisch
1123,MFJ_MdB_MV
1124,pdacu
1125,TGundlack
1126,SWippermann
1127,BauernhofKliewe
1128,DirkStamer
1129,Dahlemann
1130,torstenkoplin
1131,NadineJulitz
1132,GentheMarco
1133,MareikeWulf
1134,LilienthalPeer
1135,CGrascha
1136,bothe_stephan
1137,althusmann
1138,DLiebetruth
1139,cbratmann
1140,ImkeByl
1141,laurahopmann
1142,d_kreiser
1143,StefanHenze_AfD
1144,MpStephanWeil
1145,HannaNaber
1146,MarcoMohrmann
1147,cfuehner
1148,hujahn
1149,TobiasHeilmann2
1150,AlpKIRCI
1151,SebLechner
1152,MiriamStaudte
1153,GruenMeyer
1154,RainerFrederman
1155,OliverSchatta
1156,DragosGruene
1157,Guido_Pott
1158,Anja_Piel
1159,Stefan_Birkner
1160,DirkToepffer
1161,DetlevSchulzHen
1162,MetaJanssenKucz
1163,DorisSchroederK
1164,BrinkmannB
1165,JeAhr711
1166,stephanweil
1167,Thiemo_Roehler
1168,KaiSeefried
1169,SilkeLesemann
1170,Grafschafter1
1171,StephanSiemer
1172,Klein_MdL
1173,PhilippRaulfs
1174,Helge_Limburg
1175,StefWenzel
1176,_Heineken_
1177,UweSchuenemann
1178,JModder
1179,SebastianZinke
1180,JoergHillmer
1181,Dr_Pantazis
1182,joergbode
1183,eva_viehoff
1184,OlafLies
1185,FHeiligenstadt
1186,Axel_Miesner
1187,williehamburg
1188,ThomasKutschaty
1189,johannes_remmel
1190,Ruediger_Weiss
1191,Heike_Wermer
1192,MdlMarc
1193,MartinaHannen
1194,m_dueker
1195,sonjabongers
1196,ChristianBlex
1197,K_Rudolph_SPD
1198,Strotebeck_AfD
1199,thomasroecke
1200,MuellerWitt_MdL
1201,_SimoneWendland
1202,Vincentz_AfD
1203,stefanlenzennrw
1204,Schmeltzer_NRW
1205,TrolesHeike
1206,ALueckMdL
1207,CDahmMdL
1208,jochen_klenner
1209,AnjaButschkau
1210,PatriciaPeill
1211,StephenPaul_HF
1212,OKehrl
1213,Gebauer_CDU
1214,Fabian_Schrumpf
1215,Wagner_AfD_MdL
1216,Iris_AfD_MdL
1217,HendrikWuest
1218,WatermannKrass
1219,ante_terhaag
1220,carsten_loecker
1221,RogerBeckamp
1222,LangguthAlex
1223,mue_re
1224,NicVogel_AfD
1225,berivan_aymaz
1226,DuesselSchmitz
1227,ThomasNueckel
1228,RalphBombis
1229,BjoernFranken
1230,Loose_AfD
1231,DiekhoffMarkus
1232,AKossiski
1233,AjahlArmin
1234,baran_volkan
1235,GWalgerDemolsky
1236,MarcusPretzell
1237,mostofiz
1238,becker_horst
1239,c_kampmann
1240,petelkau
1241,MOptendrenk
1242,SusaSchneider
1243,AndreaStullich
1244,DietmarPanske
1245,PeterBiesenbach
1246,Chris_Rasche
1247,philipp_fuer_DU
1248,AndreasBeckerRE
1249,santosherrmann
1250,JosefinePaul
1251,StefanZimkeit
1252,sebwatermeier
1253,norwichruesse
1254,Alexbrockmeier
1255,twittschler
1256,JoachimStamp
1257,JosefSPD
1258,GregorGolland
1259,Daniel_Sieveke
1260,koppherr
1261,alexander_vogt
1262,GordanDudas
1263,IbrahimYetim
1264,voussem
1265,Michael_Huebner
1266,fortmeier2
1267,Dennis_Maelzer
1268,RainerDeppe
1269,ABialas
1270,Ruediger_Scholz
1271,ingeblask
1272,svenwolf
1273,marc_herter
1274,marcelhafke
1275,lorenzdeutsch
1276,HendrikSchmitz
1277,MarcLuerbke
1278,EWiRahe
1279,marcovoge
1280,st_kaemmerling
1281,matthias1979
1282,brockes
1283,ChristianMangen
1284,bodoloettgen
1285,henninghoene
1286,flobraun
1287,frank_mueller
1288,JoergGeerlings
1289,Engstfelder
1290,beerenstark
1291,DietmarBell
1292,Arndt_Klocke
1293,joernfreynick
1294,wibkegt
1295,matthi_bolte
1296,schaeffer_nrw
1297,RainerMatheisen
1298,jochenott
1299,schneider_rene
1300,LeifertBublies
1301,SteinMdL
1302,nico_steinbach
1303,NinaKlinkel
1304,JoachimPaul_AfD
1305,dirk_herber
1306,UweJunge
1307,Jan_Bollinger
1308,BernhardBraunLT
1309,bettinabrueck
1310,JohannesKlomann
1311,SPD_AndreasRahm
1312,MiWae21
1313,AnklamTrapp
1314,KazunguHass
1315,J_Denninghoff
1316,Damian_Lohr
1317,AstridSchmitt59
1318,Marcruland
1319,JensGuth_SPD
1320,GerdSchreiner
1321,ElfriedeMeurer
1322,HediThelen
1323,GordonSchnieder
1324,Beneoster
1325,ma_schn
1326,DtschInfo
1327,Horstgies
1328,Sabine_Baetzing
1329,hendrikhering
1330,ChBaldauf
1331,MarcoWeberEifel
1332,steven_wink
1333,SvenLefkowitz
1334,wolfschwarz
1335,EllenDemuth
1336,JJRauschkolb
1337,katharina_binz
1338,MichaelHuettner
1339,HansJosefBracht
1340,Gross_Jenny
1341,MartinBrandl
1342,MatthiasJoa_AfD
1343,MartinHaller
1344,TMachalet
1345,PiaSchellhammer
1346,hjnoss
1347,SvenTeuber
1348,daniel_koebler
1349,Alex_Schweitzer
1350,StefanPauluhn
1351,lutzhecker_mdl
1352,SarahGillen_MdL
1353,DennisLander
1354,reinerzimmerhsw
1355,kurtz_hp
1356,r_schaefer81
1357,DIELINKEUMWELT
1358,Juergen_Renner
1359,RalfGeorgi
1360,AnkeRehlinger
1361,peter_strobel
1362,Stephan_Toscani
1363,MarcSpeicher
1364,klausbouillon
1365,alwintheobald
1366,johann_sandra
1367,TimoMildau
1368,SaschaZehner
1369,tobiashans
1370,UlrichCommercon
1371,Gemkow2020
1372,BarthMdl
1373,rolf_weigand
1374,gorskih_anna
1375,AfdDoreen
1376,SebastianWippel
1377,ToniMertsching
1378,Gruen_WGuenther
1379,SusiSchaper
1380,AlexDierksMdL
1381,jan_mdl
1382,AndreWendtMdL
1383,SvendKirmes
1384,Joerg_UrbanAfD
1385,RobertoKuhnert
1386,JanHippold
1387,lucies_ecke
1388,Ka_Meier
1389,ReneHein3
1390,NicoBruenler
1391,Andreas_Nowak14
1392,SebastianGemkow
1393,ricogebhardt
1394,Marikat5
1395,FranziskaOL
1396,SoerenVoigt
1397,LuiseNeuhaus
1398,ChMelcher
1399,AntjeFeiks
1400,HolgerMannLE
1401,Gerald130964
1402,dirkpanter
1403,MPKretschmer
1404,Huetter_Carsten
1405,ThomasLoeserDD
1406,VZschocke
1407,ClaudiaMaicher
1408,Hoesl_MdL
1409,HolgerGasse
1410,luna_le
1411,InesSpringer
1412,IrisFirmenich
1413,kerstinkoeditz
1414,MeyerSt
1415,schullegr
1416,MartinDulig
1417,HenningHomann
1418,AlbrechtPallas
1419,geertmackenroth
1420,sabinefriedel
1421,VaLippmann
1422,gerbsen
1423,BoehmeMarco
1424,DetlefGurth
1425,brakebusch1
1426,HagenKohlMdL
1427,afdgehlmann
1428,MonikaHohmann
1429,P_Plattform
1430,O_KirchnerAfD
1431,AndreasSchuman9
1432,UlrichSiegmund
1433,KerEisen
1434,AfD_Lieschke
1435,KatjaPaehle
1436,VolkerOlenicak
1437,Daniel_Roi_AfD
1438,MatzeBuettner
1439,spiegelbergafd
1440,Borchert_CDU
1441,Kristin_Heiss
1442,jws_afd
1443,BarthJuergen
1444,PoggenburgAndre
1445,katja_bahlmann
1446,robert_farle
1447,GuidoHeuer
1448,DanielSzarata
1449,CDU_Schroeder
1450,DrAndrSchmidt
1451,boenisch2012
1452,Hobi99
1453,HenrietteQuade
1454,ThomasKeindorf
1455,angelagorr
1456,doro_frederking
1457,WulfGallert
1458,falkogrube
1459,reinerhaseloff
1460,SchulenburgCh
1461,StefGeb
1462,olaf_meister
1463,MarcoTullner
1464,Eva0112
1465,AndreasSteppuhn
1466,Connylue
1467,ruedigererben
1468,SwenKnoechel
1469,ulithomas
1470,HendrikLange
1471,StriegSe
1472,CCCfuerStormarn
1473,BHerdejuergen
1474,v_Wittgenstein
1475,Joerg_Nobis_AfD
1476,JetteWaldinger
1477,ClausSchaffer
1478,aminajxx
1479,TobiasvdHeide
1480,DABornhoeft
1481,DGuenther_CDUSH
1482,harms_lars
1483,ThomasHoelck
1484,L_Petersdotter
1485,TobiasKoch
1486,StefanWeberSE
1487,oleplambeck
1488,JoschkaKnuth
1489,MarretGruen
1490,VogelKai
1491,anitaklahn
1492,martinhabersaat
1493,TobiasVonPein
1494,Thomasrother
1495,wolfgangbaasch
1496,StephanHolowaty
1497,AltJusoKai
1498,c_vogt
1499,Kumbartzky
1500,LukasKilian
1501,ekavonkalben
1502,JanineMerz
1503,LutzLiebscher
1504,UThrum
1505,ULukasch
1506,PhilippWeltzien
1507,NHoffmannAfDTh
1508,BlechschmidtA
1509,KnieseTosca
1510,CorinnaHerold
1511,raymond_walk
1512,Rene_Aust
1513,PatrickBeier93
1514,TorstenWolf_MdL
1515,Denny_Jankowski
1516,torben_braga
1517,laura_wahl_
1518,BPfefferlein
1519,MoellerAfD
1520,BjoernHoecke
1521,RalfKalich
1522,Kati_Engel
1523,Buehlandreas
1524,henry_worm
1525,KaufmannAfD
1526,OMueller_Jena
1527,dialehm
1528,keineausrede
1529,GruenerDirk
1530,MikeMohring
1531,Hummelshainer
1532,TLTkeller
1533,St_Dittes
1534,gudrunlukin
1535,ChristianSchaft
1536,henfling_m
1537,andy_links
1538,SBilay
1539,KarolaStange
1540,Chr_Tischner
1541,fbaumfdp
1542,KatharinaKoenig
1543,KKorschewsky
1544,linkeanja
1545,SusanneHennig
1546,JonasUrbach
1547,GottiSlow
1548,Astrid_RB
1549,KatjaMitteldorf
1550,m_gleichmann
1551,DirkBergner
1552,marx2009
1553,mariovoigt
1554,demoe
1555,KemmerichThL
1556,bodoramelow
1557,Gerold_Otten
1558,Peter_Beyer
1559,Schwarz_MdB
1560,Bubendorferfdp
1561,cjcronenberg
1562,DjirSarai
1563,FahimiYasmin
1564,Dana_Guth_LKR
1565,HilseMdb
1566,DrHollnagel
1567,KestnerJens
1568,tietze_andreas
1569,HeikeWernerTH
1570,benniadjei
1571,AnnaGallinaHH
1572,TobiGotthardt
1573,Ch_Haubrich
1574,w_heubisch
1575,AndreasKrahl1
1576,Roland_Magerl
1577,GeorgMaier8
1578,FabianMehring
1579,borispistorius
1580,wolfgang_rose
1581,SchuberlToni
1582,AnjaSiegesmund
1583,UlrikeSparr
1584,spitzerfdp
1585,SturmMdL
1586,TabbertUrs
1587,HeikeTaubert
1588,WTiefensee
1589,anjes_tjarks
1590,AndreasWildAfD
1591,EiblMdl
1592,jorg_hansen
1593,rolandweigert
1594,mboerschel
1595,alexanderkrauss
1596,Helmut_Seifen
1597,PetraTiemann
1598,HeriFriedmann
1599,loeffler_cdu
1600,ksteinhuelbjoos
1601,PeterSeimer
1602,hjgossner_mdl
1603,tok_tayfun
1604,TobiasVogt
1605,ralfnentwich
1606,LindenschmidAfD
1607,erwinkoehlermdl
1608,cathie_kern_mdl
1609,RubenRupp
1610,AnsgarMayr
1611,c_jung77
1612,alenatrauschel
1613,christianestaab
1614,scuny
1615,andrebaumann
1616,_jproe
1617,FHerkens
1618,KatrinSchindele
1619,BMettenleiter
1620,FrankBonath
1621,nikoreith
1622,HansPeter_Storz
1623,hoffmannspd
1624,niklasnuessle
1625,CindyHolmberg
1626,ManuHailfinger
1627,SteyerAfD
1628,ledeabal
1629,mjoukov
1630,BechtAndy
1631,alt_aber_gut
1632,Ehmann_Fabian
1633,pfernis
1634,clemenshoch
1635,MKropfreiter
1636,smueller_1973
1637,HeikeRaab
1638,Schmitt_FDP
1639,AnkeSimonLU
1640,JoachimStreit
1641,CBvHeusinger
1642,GruenerWinkler
1643,wolfgang_aldag
1644,NicoleAngerMD
1645,joerg_bern
1646,SvenCzekalla
1647,KGodenrath
1648,AndreasHenke4
1649,SandraHietel
1650,LydiaHueskens
1651,AnneKeding
1652,JulianeKleemann
1653,GKosmehl
1654,KonstantinPott
1655,raeuscher
1656,richtair
1657,RosomkiewiczMdL
1658,StefanRulandBBG
1659,JScharfenort
1660,MScheffler_MK
1661,Florian59528055
1662,AndreasSilbers1
1663,KuchSimon
1664,KathrinTarrico1
1665,MdlWald
1666,Marget_Wendt
1667,WillingmannA
1668,LarsJoernZimmer
1669,_sanaeabdi
1670,Valentin_C_Abel
1671,katjadler
1672,s_aeffner
1673,ali_aldailami
1674,HalakMuhanad
1675,DagmarAndres
1676,arlt_johannes
1677,AnAudretsch
1678,maik_aussendorf
1679,TBBacherle
1680,baldy_daniel
1681,fbanaszak
1682,DrChristinaBaum
1683,kathabeck
1684,RogerBeckamp
1685,olafinderbeek
1686,JakobBla
1687,IngoBodtke
1688,Boginski_
1689,Der_Starost
1690,m_breilmann
1691,YannickBury
1692,karlbaer
1693,isacademartori
1694,juergencosse
1695,MarioCzaja
1696,HakanDemirNK
1697,detzer_sandra
1698,MDiedenhofen
1699,JanUlrichDieren
1700,ThomasDietz_MdB
1701,DeborahDuering
1702,Leckert_
1703,sonjaeichwede
1704,HERavensburg
1705,robert_farle
1706,fiedelseb
1707,funke_fabian
1708,max_fksr
1709,schahinag
1710,GansGruen
1711,AG_AfD
1712,GeisslerJonas
1713,JN_Gesenhues
1714,FabianGramling
1715,inge_graessle
1716,S_Gruetzmacher
1717,goerke_c
1718,SerapGueler
1719,StHeck
1720,FHeiligenstadt
1721,linda_lobster
1722,KathrinAnna
1723,AnkeHennigSPD
1724,SusanneHennig
1725,JasminaHostert
1726,verenahubertz
1727,avjurisch
1728,LamyaKaddor
1729,Macit_SPD
1730,CarlosKasperMdB
1731,annakassautzki
1732,MalteKaufmann
1733,DrMKaufmann
1734,MiKellner
1735,Bina_Khan_
1736,helmut_kleebank
1737,Ottilie_Klein
1738,AnniKlose
1739,timkluessendorf
1740,laura_kraft_
1741,akk
1742,krusehamburg
1743,PhiKraemer
1744,MartinKroeber
1745,TKuban96
1746,AnneKoenig_
1747,KuehniKev
1748,Ricarda_Lang
1749,ThorstenLieb
1750,anja_liebert
1751,EsraLimbacher
1752,Helge_Limburg
1753,LFLindemann
1754,denise_loop
1755,max_lucks
1756,TMachalet
1757,EVMGreifswald
1758,HolgerMannLE
1759,El_KaWeh_
1760,ParsaMarvi
1761,f_mascheck
1762,VMayer_Lay
1763,Mehli
1764,AnikoMerten
1765,_FriedrichMerz
1766,mesarosch
1767,borismijatovic
1768,MMoosdorf
1769,maxmordhorst
1770,FlorianMM
1771,RegBerlin
1772,SaschaMuller
1773,Mi_Muentefering
1774,SaraNanni
1775,rasha_nasr_
1776,OpheliaNick
1777,BrianNickholz
1778,lennardoehl
1779,karo_otte
1780,Dr_Pantazis
1781,M_Papendieck
1782,natalie_pawlik
1783,PaulaPiechotta
1784,docredder
1785,HeidiReichinnek
1786,YeOne_Rhie
1787,SebRoloff
1788,jethoru
1789,TR_Bremen
1790,sacher_mchl
1791,CatarinaDosSa
1792,ulle_schauws
1793,kratermensch
1794,AfDrus
1795,jws_afd
1796,DS_AfD
1797,cj_schroeder
1798,ria_schroeder
1799,_anja_schulz
1800,jamila_anna
1801,sebastian_es_
1802,lime_green_leni
1803,StSeiter
1804,Lina_Seitzl
1805,Melis_S
1806,nyke_slawik
1807,spellerberg_m
1808,ninastahr
1809,till_steffen
1810,jens_steiner
1811,CvStetten
1812,nadjasthamer
1813,stuewer
1814,jensteutrine
1815,tippelt21
1816,anja_troff
1817,derya_tn
1818,katrinuhligbn
1819,VriesChristoph
1820,WagenerNiklas
1821,robinwagener
1822,Krawallstein
1823,CarmenWegge
1824,SaskiaLeaRaquel
1825,MariaLenaWeiss
1826,StefWenzel
1827,thereallenzii
1828,TobiasWINKLER_
1829,Janine_Wissler
1830,MareikeWulf
1831,NZippelius
1832,GollalehA
1833,sevimaydinAGH
1834,tobiasbauschke
1835,TubaBozkurt
1836,ElkeBreitenbach
1837,brunnersandra1
1838,CEungeschminkt
1839,ElifEralpBerlin
1840,VasiFranco
1841,FranziskaGiffey
1842,grafwer
1843,BaharHaghani
1844,OdaHassepass
1845,A_J_Herrmann
1846,Marcel_Hopp
1847,BMJotzo
1848,_Alex_Berlin
1849,SandraKhalatba1
1850,der_neukoellner
1851,JohKraft
1852,louisvonkrueger
1853,MKhnemann
1854,KurtTaylanz
1855,MaxLandero
1856,klauslederer
1857,SPD_Lehmann
1858,dirk_liebe
1859,Ta_matriarchat
1860,stephanmachulik
1861,LaaLeeLuuLaura
1862,OmarJian
1863,orkanoezdemir
1864,CathPieroth
1865,LarsRauchfu
1866,prenzlix
1867,romansen1337
1868,KlaraSche
1869,NiklasSchenker
1870,MathiasSchulz
1871,andreschulze_nk
1872,jul_schwarze
1873,SukaAferdita
1874,DValgolio
1875,Ch_Wapler
1876,bjoernwohlert
1877,CWolfBerlin
1878,wolff_dunja
1879,MarioCzaja
1880,damm_hannes
1881,Rene__Domke
1882,EnseleitSabine
1883,PetraFederau
1884,BeatrixHegenkt2
1885,HoffmeisterKaty
1886,BettinaMartin4
1887,meister_schafft
1888,heikomirass
1889,michael_noetzel
1890,NorthoffRobert
1891,mikmurl
1892,SchmidtSchwerin
1893,AfdJens
1894,ManuelaSchwesig
1895,anne_shepley
1896,terpeundteam
1897,BaalSandy
1898,NBJule
1899,ChWinter_MV
1900,BriHasselmann
1901,c_lindner
1902,th_sattelberger
1903,uhl_markus
1904,SevimDagdelen
1905,DoroBaer
1906,EskenSaskia
1907,RenateKuenast
1908,nikolasloebel
1909,julia_verlinden
1910,HeikeBrehmerMdB
1911,crueffer
1912,GydeJ
1913,MatthiasHoehn
1914,MatthiasHoehn
1915,felixschreiner
1916,felixschreiner
1917,larsklingbeil
1918,anked
1919,sven_giegold
1920,Ralf_Stegner
1921,Ralf_Stegner
1922,tobiaszech
1923,agnieszka_mdb
1924,KonstantinNotz
1925,axelgehrke
1926,KatjaSuding
1927,UliFreese
1928,Doro_Martin
1929,Doro_Martin
1930,ZaklinNastic
1931,mrosek1958
1932,mrosek1958
1933,katjakipping
1934,JuliaKloeckner
1935,JuliaKloeckner
1936,kaiwegner
1937,kaiwegner
1938,katarinabarley
1939,katarinabarley
1940,Frohnmaier_AfD
1941,ToniHofreiter
1942,SaskiaLudwigCDU
1943,SaskiaLudwigCDU
1944,MdB_Lucassen
1945,marcobuelow
1946,lisapaus
1947,MGrosseBroemer
1948,UllmannMdB
1949,c_jung77
1950,MWBirkwald
1951,ChristophGensch
1952,EnricoKomning
1953,EnricoKomning
1954,HellmichMdB
1955,Beatrix_vStorch
1956,Birke_Bull
1957,Birke_Bull
1958,DirkWieseSPD
1959,nicolabeerfdp
1960,nicolabeerfdp
1961,oezoguz
1962,ArminLaschet
1963,ArminLaschet
1964,NilsSchmid
1965,NilsSchmid
1966,GottfriedCurio
1967,GottfriedCurio
1968,UliGroetsch
1969,Buettner_SDL
1970,Buettner_SDL
1971,fdpbt
1972,Frank_Magnitz
1973,Frank_Magnitz
1974,groehe
1975,larspatrickberg
1976,larspatrickberg
1977,THeimatpartei
1978,buendnis21
1979,ParteiSgv
1980,UnabhaengigeP
1981,KlimalisteBW
1982,diebasispartei
1983,Wir2020Partei
1984,partei_dkp
1985,pdf_bund
1986,VoltDeutschland
1987,die_grauen
1988,mlpdde
1989,DieUrbane
1990,brauchtbewegung
1991,mehrForschung
1992,bergpartei
1993,_VPartei_
1994,Graue_Panther_
1995,LKR_Partei_Bund
1996,Allianz_MTN
1997,buendnisc
1998,BVBFW
1999,J_Todenhoefer
2000,DieHumanisten
2001,menschlichewelt
2002,Tierschutzparte
2003,FREIEWAEHLER_BV
2004,SSWpresse
2005,deukonservative
2006,sozialliberale
2007,npdde
2008,KLHohenlohe
2009,KatharinaKloke
2010,SchickGerhard
2011,ruppert_stefan
2012,GruenKappler
2013,RitaHaglKehl
2014,uihnen
2015,sigmargabriel
2016,KerstinAndreae
2017,LischkaB
2018,BurkertMartin
2019,EvaHoegl
2020,UlrichKelber
2021,jimmyschulz
2022,FBsirske
2023,HenningOtteMdB
2024,TakisMehmetAli
2025,TinaWinklmann
2026,AnjaReinalter
2027,BodeLuiza
2028,JoachimWundrak
2029,ElisabethWinke4
2030,ZandaMartens
2031,ingoschaeferspd
2032,BHerrmann_
2033,ArianeFaescher
2034,CarstenKoerber
2035,SimonaMdB
2036,SimonaMdB
2037,MarkusReichelDD
2038,joergnurnberger
2039,HierlSusanne
2040,PhilippiSpd
2041,JensPeick
2042,HenningRehbaum
2043,HenningRehbaum
2044,BreherSilvia
2045,EnglhardtKopf
2046,NHeselhaus
2047,BernhardDaldrup
2048,Hannes_Gnauck
2049,MdbMuller
2050,BengtBergt
2051,NAltenkamp
2052,ArmandZorn
2053,AloisRainer
2054,stefan_seidler
2055,m_schieder
2056,RainerSemet
2057,jessi_rosenthal
2058,zoe_gruene
2059,HarzerUlrike
2060,SLahrkamp
2061,ReemAlabali
2062,ArminSchwarz
2063,ArminSchwarz
2064,BettinaLugk
2065,Hoffmann_MdB
2066,MdBMonstadt
2067,AnnaLuehrmann
2068,Kthrn_Mchl_SPD
2069,kassem_ts
2070,GuntherKrichba3
2071,gadechens
2072,SiemtjeMdB
2073,FechnerJohannes
2074,Mike_Moncsek
2075,HanSteinmueller
2076,SwantjeMichael1
2077,AnneSpallek
2078,moritz_oppelt
2079,AwetTesfaiesus
2080,JanPlobner
2081,Chr_Sauter
2082,J_Pahlke
2083,emiliafester
2084,alexmuellerfdp
2085,HuberMdB
2086,RainerKellerWES
2087,FHoppermann
2088,kristine_lutke
2089,helferich_afd
2090,Herbstbernd27
2091,KlausWiener
2092,Bruno_Hoenel
2093,KayUweZiegler71
2094,yooHannes
2095,AtesGuerpinar
2096,alexander_throm
2097,christian_leye
2098,chantal_kopf
2099,philipphartewig
2100,edgar_naujok
2101,kersten68
2102,HumpferMarkus
2103,IsabelMackensen
2104,ChristianHaase6
2105,Kiessling_MdB
2106,maxmoerseburg
2107,edelhaeusser
2108,ThomasHeilmann
2109,janoschdahmen
2110,herr_emmerich
2111,stephanharbarth
2112,Philipp_Amthor
2113,AmbLindnerIndia
2114,bildungsconsult
2115,bildungsconsult
2116,junomaerz
2117,KlaerM
2118,kliche_behnke
2119,thekla_walker
2120,RuedigerKlos
2121,balzer_dr
2122,SperlingSwantje
2123,weinmann_nico
2124,DanielBornMdL
2125,patrickrappmdl
2126,MackWinfried
2127,Julia_Goll
2128,NataliePfau1
2129,ErnstKopp
2130,jonasweber
2131,elmarhayn
2132,KWansner
2133,AdrianGrasse
2134,Fuer_immer_Juli
2135,Foerster_Chris
2136,AMohrenberg
2137,Boris_Rhein
2138,bijan_kberg
2139,dirk_bamberger
2140,HeidkampErich
2141,stefan_naas_fdp
2142,SauerSchardt
2143,ManuelaStrube
2144,TaylanBurcuMdL
2145,MirjamschmidtM
2146,PapstDippelAfD
2147,AlexanderLorz_1
2148,AlexanderLorz_1
2149,NGersberg
2150,WaschkeSabine
2151,Scholz_AfD
2152,katywalther1
2153,EstherKalveram
2154,Catou_
2155,GundlackTilo
2156,SebEhlers
2157,thomasdiener
2158,davidwulffmdl
2159,Der_FrederiCo
2160,Tamara__Mueller
2161,Michael_Frisch_
2162,KaWaechter
2163,IrisNieland
2164,cws_mainz
2165,Doris_Ahnen
2166,Helge_Schwab
2167,MichaelSimonSPD
2168,EndersDr
2169,sippelheiko
2170,MarcusKlein
2171,johannhauserFDP
2172,GrimmBenne
2173,ElkeKuch
2174,SusanSziborra
2175,PraesidentLT_ST
2176,Buchheim1
2177,MichaScheffler
2178,DirschauerC
2179,CorneliaKlisch
2180,c_herrgott
2181,die_meissner
2182,mdl_schubert
2183,Cotta_AfD
2184,maurer_katja
2185,MaikKowalleck
2186,RMMontag
2187,lenaguengoer
2188,UteBergner
2189,rimuehl
2190,OlafScholz
2191,c_lindner
2192,NancyFaeser
2193,ABaerbock
2194,MarcoBuschmann
2195,hubertus_heil
2196,cem_oezdemir
2197,Karl_Lauterbach
2198,Wissing
2199,Wissing
2200,SteffiLemke
2201,starkwatzinger
2202,SvenjaSchulze68
2203,bodoramelow
2204,WTiefensee
2205,BenjaminHoff
2206,HeikeTaubert
2207,AnjaSiegesmund
2208,GeorgMaier8
2209,GruenerDirk
2210,SuzaKarawanskij
2211,HeikeWernerTH
2212,HelmutHolter
2213,MalteKrueckels
2214,GoetzeUdo
2215,CIO_Thueringen
2216,FellerCarsten
2217,valentinakerst
2218,guterolaf
2219,Torsten_Weil
2220,die_linke_th
2221,Linke_Thl
2222,SPDThueringen
2223,spdthl
2224,gruenethl
2225,Gruene_TH
2226,cdu_thueringen
2227,cdu_fraktion_th
2228,AfD_Thueringen
2229,fdp_thueringen
2230,SozialesTH
2231,UmweltTH
2232,TMIKThueringen
2233,TMIL_Thueringen
2234,thueringende
2235,FinanzenTH
2236,tmwwdg
2237,BildungTH
2238,Markus_Soeder
2239,fwhfreising
2240,MelanieHuml
2241,KS_MdL
2242,MichaelPiazolo
2243,HubertAiwanger
2244,klausholetschek
2245,gerlach_judith
2246,rolandweigert
2247,csu_lt
2248,CSU
2249,fw_bayern
2250,Gruene_Bayern
2251,GrueneLandtagBY
2252,AfD_Bayern
2253,AfD_Bayern_LT
2254,BayernSPD
2255,BayernSPD_Lndtg
2256,fdpbay
2257,fdpltby
2258,BauenBewegen
2259,BayStMI
2260,KM_Bayern
2261,Finanzen_Bayern
2262,BayStMWi
2263,STMUV_Bayern
2264,StMGP_Bayern
2265,FranziskaGiffey
2266,Bettina_Jarasch
2267,klauslederer
2268,dpwes
2269,IrisSpranger
2270,katjakipping
2271,RamonaPop
2272,DilekKalayci22
2273,ElkeBreitenbach
2274,KLompscher
2275,Dirk_Behrendt
2276,RegineGuenther
2277,BoehningB
2278,cjgaebler
2279,SteffenKrach
2280,SawsanChebli
2281,Mac_Frank
2282,Crickerts
2283,SabineSmentek
2284,martinmatz
2285,AndrejHolm
2286,wenkexin
2287,IngmarStreese
2288,FischerSeverin
2289,amtrasnea
2290,Kam_Markus
2291,aziz_b
2292,wettafrosch
2293,UelkerRadziwill
2294,_MichaelBiel_
2295,TinoSchopf
2296,armaghipour
2297,spdberlin
2298,spdfraktionbln
2299,gruene_berlin
2300,GrueneFraktionB
2301,dielinkeberlin
2302,LinksfraktionB
2303,AfDBerlin
2304,cduberlin
2305,CDUBerlin_AGH
2306,fdp_berlin
2307,FDPFraktionBLN
2308,SenUMVKBerlin
2309,SenBJF
2310,senfin
2311,Innensenatorin
2312,SenKultEu
2313,SenWiEnBe
2314,SenSBW
2315,SenIAS_Berlin
2316,ManuelaSchwesig
2317,SimoneOldenburg
2318,BettinaMartin4
2319,dr_geue
2320,JacbeJacqueline
2321,MathiasBrodkorb
2322,Dahlemann
2323,heikomirass
2324,ju_name
2325,FrStraetmanns
2326,SPDMV
2327,SPDLandtagMV
2328,DIE_LINKE_MV
2329,AfD_MV
2330,CDUMV
2331,cdufraktionmv
2332,GRUENE_MV
2333,GruenerLandtag
2334,FDP_MV
2335,bildung_mv
2336,innen_mv
2337,sozial_mv
2338,Wissing
2339,ulrikehoefken
2340,Doris_Ahnen
2341,katharina_binz
2342,Schmitt_FDP
2343,Alex_Schweitzer
2344,clemenshoch
2345,katrineder
2346,HeikeRaab
2347,StS_Griese
2348,sweinberg
2349,alt_aber_gut
2350,pfernis
2351,bettinabrueck
2352,spdrlp
2353,SPDFraktionRLP
2354,gruene_rlp
2355,GrueneLtRLP
2356,fdprlp
2357,FDPFraktionRLP
2358,RLP_AfD
2359,AfD_RLP
2360,AfDFraktionRLP
2361,cdurlp
2362,CDUFraktionRLP
2363,FREIEWAEHLERRLP
2364,fw_rlp
2365,rlpNews
2366,innen_rlp
2367,MWGRLP
2368,FM_RLP
2369,Soziales_RLP
2370,Bildung_RLP
2371,MWVLW_RLP
2372,JM_RLP
2373,UmweltRLP
2374,Vielfalt_RLP
2375,HendrikWuest
2376,JoachimStamp
2377,hreul
2378,a_pinkwart
2379,KalleLaumann
2380,inascharrenbach
2381,PeterBiesenbach
2382,InaBrandes
2383,HeinenUlla
2384,SHolthoff
2385,ch_dammermann
2386,DirkGuennewig
2387,markspeich
2388,FDPFraktionNRW
2389,fdp_nrw
2390,CDUNRW_de
2391,CDUNRW_Fraktion
2392,IM_NRW
2393,MAGS_NRW
2394,NRW_in_Berlin
2395,VerkehrNRW
2396,JM_NRW
2397,BildungslandNRW
2398,ChancenNRW
2399,UmweltNRW
2400,Finanzmin_NRW
2401,MKW_NRW
2402,WirtschaftNRW
2403,MHKBG_NRW
2404,MBEI_NRW
2405,landnrw
2406,ENGAGIERTinNRW
2407,AndreasBovensc1
2408,cbernhard_HB
2409,bogedan
2410,AnjaStahmann
2411,KristinaVogt_HB
2412,HenningLuehr
2413,MartinHagenHB
2414,bull_olaf
2415,JanStoess
2416,stuehrenberg
2417,sgfv_bremen
2418,SKUMS_HB
2419,SWAEBremen
2420,SWH_HB
2421,sjv_hb
2422,RathausHB_news
2423,SPDLandBremen
2424,SPDFraktionHB
2425,GrueneBremen
2426,DieLinkeBremen
2427,DGuenther_CDUSH
2428,MonikaHeinold
2429,Heiner_Garg
2430,PrienKarin
2431,JanAlbrecht
2432,BerndBuchholz
2433,SchroedterDirk
2434,IngbertLiebing
2435,SandraGerken9
2436,UdoPhilipp
2437,togoldschmidt
2438,ThiloRohlfs
2439,sozmiSH
2440,Land_SH
2441,Bildung_SH
2442,melund_sh
2443,Wirtschaftsland
2444,ParlaNet
2445,fimi_SH
2446,FDP_SH
2447,FDPFraktionSH
2448,SH_CDU
2449,Gruene_SH
2450,reinerhaseloff
2451,GrimmBenne
2452,claudiadalbert
2453,AnneKeding
2454,CDU_Schroeder
2455,WillingmannA
2456,MSchneiderEPP
2457,PraesidentLT_ST
2458,Moebbeck
2459,WillingmannA
2460,WuenschThomas
2461,KlausRehda
2462,TamaraZieschang
2463,LydiaHueskens
2464,TamaraZieschang
2465,schulzeeuropa
2466,Eichner_St
2467,svenmd
2468,BuBernd
2469,sachsenanhalt
2470,Soziales_ST
2471,MISachsenAnhalt
2472,MWU_LSA
2473,MBSachsenAnhalt
2474,MWL_LSA
2475,FDP_LSA
2476,fdpfraktionlsa
2477,cdulsa
2478,cdufraktion_LSA
2479,SPD_LSA
2480,spd_lt_lsa
2481,GRUENE_LSA
2482,GrueneFrakLSA
2483,OlafScholz
2484,c_lindner
2485,NancyFaeser
2486,ABaerbock
2487,MarcoBuschmann
2488,hubertus_heil
2489,cem_oezdemir
2490,Karl_Lauterbach
2491,Wissing
2492,SteffiLemke
2493,starkwatzinger
2494,SvenjaSchulze68
2495,klara_geywitz
2496,W_Schmidt_
2497,RyglewskiS
2498,ReemAlabali
2499,schneidercar
2500,fbrantner
2501,MiKellner
2502,Oliver_Krischer
2503,fdp_hessel
2504,florian_toncar
2505,oezdemir_spd
2506,Johann_Saathoff
2507,rischwasu
2508,KatjaKeul
2509,tobiaslindner
2510,AnnaLuehrmann
2511,bstrasser
2512,KerstinGriese
2513,AnetteKramme
2514,ThomasHitschler
2515,SiemtjeMdB
2516,OpheliaNick
2517,ManuelaRottman
2518,ekindeligoez
2519,svenlehmann
2520,dittmarsabine
2521,FrankeEdgar
2522,DanielaKluckert
2523,OlliLuksic
2524,EUTheurer
2525,bhoffmann_mdb
2526,ChrisKuehn_mdb
2527,JBrandenburgFDP
2528,th_sattelberger
2529,NielsAnnen
2530,BaerbelKofler
2531,soerenbartol
2532,CanselK
2533,CDUMerkel
2534,HeikoMaas
2535,peteraltmaier
2536,katarinabarley
2537,vonderleyen
2538,akk
2539,JuliaKloeckner
2540,FranziskaGiffey
2541,jensspahn
2542,andreasscheuer
2543,AnjaKarliczek
2544,HBraun
2545,AWidmannMauz
2546,DoroBaer
2547,guenterkrings
2548,wanderwitz
2549,VolkmarVogel
2550,Mi_Muentefering
2551,MiRo_SPD
2552,Thomas_Bareiss
2553,ChristianHirte
2554,ElisabethWinke4
2555,RitaHaglKehl
2556,ChristianLange_
2557,petertauber
2558,SilberhornMdB
2559,UweFe
2560,thomasgebhart
2561,SteffenBilger
2562,FlorianPronold
2563,meister_schafft
2564,_ThomasRachel
2565,BMG_Bund
2566,BMI_Bund
2567,BMBF_Bund
2568,BMF_Bund
2569,BMVg_Bundeswehr
2570,IntegrationBund
2571,RegSprecher
2572,BMWSB_Bund
2573,BundesKultur
2574,BMAS_Bund
2575,BMDV_bund
2576,BMZ_Bund
2577,bmel
2578,BMUV
2579,bmj_bund
2580,BMFSFJ
2581,AuswaertigesAmt
2582,RegSprecherStS
2583,csu_bt
2584,cducsubt
2585,spdbt
2586,GrueneBundestag
2587,MpStephanWeil
2588,althusmann
2589,borispistorius
2590,Grafschafter1
2591,Daniela_Behrens
2592,GTonne
2593,OlafLies
2594,HeigerScholz
2595,PrksenAnke
2596,DigiSts
2597,UNonnemacher
2598,Hoffmann_Susann
2599,langekatrin1
2600,joergstb
2601,BrittaErnst
2602,Vogel_Axel
2603,ManjaSchuele
2604,RainerGenilke
2605,bender_silvia
2606,TobiasDuenow
2607,MPKretschmer
2608,Gruen_WGuenther
2609,MartinDulig
2610,Ka_Meier
2611,Gemkow2020
2612,Koepping
2613,oliverdd
2614,gerdlippold
2615,MathiasWeilandt
2616,GMrtens
2617,keineEnte
2618,dagmarneukirch
2619,ConradClemens
2620,TschenPe
2621,fegebanks
2622,AnnaGallinaHH
2623,TiesRabe
2624,CarstenBrosda
2625,melanieleonhard
2626,JensKerstan
2627,anjes_tjarks
2628,AndyGrote
2629,ADressel
2630,almutmoeller
2631,PLotzkat
2632,ARieckhof
2633,Holsteinsport
2634,lentz_bettina
2635,tobiashans
2636,AnkeRehlinger
2637,klausbouillon
2638,UlrichCommercon
2639,ChristineClivot
2640,henrikeitel
2641,AWagnerScheid
2642,SeelChristian
2643,kolling_stephan
2644,ChristineClivot
2645,Sebastian_Thul
2646,talwazir
2647,LuciaPuttrich
2648,peterbeuth
2649,SchaeferHessen
2650,M_Boddenberg
2651,Angela_Dorn
2652,StM_Klose
2653,PriskaHinz
2654,KSinemus
2655,mattium
2656,StHeck
2657,AyseAsar4
2658,BeatrixTappeser
2659,oliverconz
2660,PBurghardt
2661,TheresiaBauer
2662,mannelucha
2663,guidowolfcdu
2664,WinneHermann
2665,gisela_erler
2666,andrebaumann
2667,MJaegerT
2668,volkerschebesta
2669,SchuetzKatrin
2670,DerDanyal
2671,thekla_walker
2672,nicolerazavi
2673,patrickrappmdl
2674,SabineKurtzMdL
2675,siegfriedlorek
2676,ElkeZimmerMdLBW
2677,alindlohr
2678,cducsupm
